group,video_id,publishedAt,author,text,likeCount
YOUNITE,qSLSxZmkDcc,2022-04-20T14:59:57Z,@hola-gusanos,So cute,0
YOUNITE,qSLSxZmkDcc,2022-04-20T14:59:10Z,@mad_summer,Congratulations on your debut ❤️,0
YOUNITE,qSLSxZmkDcc,2022-04-20T14:59:07Z,@ryndrask,SFJFDGDTHFRGCDCC THIS IS GOOD!!!,0
YOUNITE,qSLSxZmkDcc,2022-04-20T14:58:44Z,@straykidult,aahhhh congrats on your debut!!,0
YOUNITE,qSLSxZmkDcc,2022-04-20T14:58:31Z,@foreunsangyounite574,youniz you did well 💙 younite you did well 💙,0
YOUNITE,qSLSxZmkDcc,2022-04-20T14:58:16Z,@foreunsangyounite574,YOUNIZ LET&#39;S HYPE FOR YOUNITE,0
YOUNITE,qSLSxZmkDcc,2022-04-20T14:57:06Z,@woojinpark7729,FIGHTING YOUNITE !!!!,1
YOUNITE,qSLSxZmkDcc,2022-04-20T14:52:30Z,@mantecayy,"Amoooo, es tan pegadiza jaja ai, el mv en general es interesante y entretenido, todo muy lindo &lt;3",1
YOUNITE,qSLSxZmkDcc,2022-04-20T14:51:42Z,@tegoshieunsang9579,Eunsaaaaang T_T,0
YOUNITE,qSLSxZmkDcc,2022-04-20T14:50:29Z,@Rennng,"Uno de los debut de que estaba esperandoooooooo, todo me encantoooo todo, ah!",2
YOUNITE,qSLSxZmkDcc,2022-04-20T14:49:59Z,@myeunsangromance5334,congrats my younite and good luck 💘💘,0
YOUNITE,qSLSxZmkDcc,2022-04-20T14:49:47Z,@myeunsangromance5334,younite will be so successful!!! 💘💘💘💘,0
YOUNITE,qSLSxZmkDcc,2022-04-20T14:47:34Z,@laalbertosaurio,younite = ult,0
YOUNITE,qSLSxZmkDcc,2022-04-20T14:43:57Z,@Itachi_Uchiha_Waifu,Happy Debut Day My Handsome Babies,0
YOUNITE,qSLSxZmkDcc,2022-04-20T14:43:14Z,@aperson3999,tbh i&#39;m only here because of eunsang but the song is nice. I hope they&#39;ll be successful.,0
YOUNITE,qSLSxZmkDcc,2022-04-20T14:40:51Z,@rio630,Kyungmun looks so sweet 😞✨,0
YOUNITE,qSLSxZmkDcc,2022-04-20T14:40:16Z,@lilisink2468,"FELICITACIONES POR SU DEBUT MIS NIÑOS, LES DESEO TODO LO MEJOR DEL MUNDO!!! Sooo, los amo demasiado y estoy muy orgullosa de todos ustedes ~ Psdt: Youniz no se olviden de hacer stream pero sin descuidarse, alimentense bien y cuídense muchísimo, so, las amo ♡",57
YOUNITE,qSLSxZmkDcc,2022-04-20T14:38:41Z,@ddannight,Who is the guys with the mole in right chin? i think i&#39;ve seen him somewhere,0
YOUNITE,qSLSxZmkDcc,2022-04-20T14:34:23Z,@itwillflows6590,Eunsanggg you did a great job. Congratulation for your third debut♥️,2
YOUNITE,qSLSxZmkDcc,2022-04-20T14:33:31Z,@laikuanlin1703,ROOKIE OF THE YEAR !!!,0
YOUNITE,qSLSxZmkDcc,2022-04-20T14:31:42Z,@민설랑,유나이트 데뷔 축하해!,1
YOUNITE,qSLSxZmkDcc,2022-04-20T14:30:29Z,@izzahhn6694,"Cute MV,finally you all made your debut👏🏻😃",0
YOUNITE,qSLSxZmkDcc,2022-04-20T14:29:08Z,@younghoon222,BEBEKLERİMM,0
YOUNITE,qSLSxZmkDcc,2022-04-20T14:29:03Z,@younghoon222,bu hesaptan yorum yapmamışım,0
YOUNITE,qSLSxZmkDcc,2022-04-20T14:26:24Z,@irapuspita7937,Chukae for you debut today Lee Eunsang,0
YOUNITE,qSLSxZmkDcc,2022-04-20T14:26:05Z,@ndzx1it915,Congratulations for your debut guys!,0
YOUNITE,qSLSxZmkDcc,2022-04-20T14:24:49Z,@pau-hn9fv,CONGRATULATIONS ON YOUR DEBUT YOUNITE,0
YOUNITE,qSLSxZmkDcc,2022-04-20T14:24:27Z,@pau-hn9fv,YOUNITE ROTY LETS GO,0
YOUNITE,qSLSxZmkDcc,2022-04-20T14:24:18Z,@pau-hn9fv,I LOVE THIS SO MUCH,0
YOUNITE,qSLSxZmkDcc,2022-04-20T14:24:09Z,@pau-hn9fv,ESTÁ HERMOSO,1
YOUNITE,qSLSxZmkDcc,2022-04-20T14:24:04Z,@pau-hn9fv,LOS AMOOOOO,0
YOUNITE,qSLSxZmkDcc,2022-04-20T14:23:59Z,@pau-hn9fv,LOS ADORO,1
YOUNITE,qSLSxZmkDcc,2022-04-20T14:23:52Z,@nadskie8176,nonton ini karena direkomendasiin temen aku namanya nade lagunya easy listening choreographynya juga keren,0
YOUNITE,qSLSxZmkDcc,2022-04-20T14:23:09Z,@emilyla7000,slay fr,0
YOUNITE,qSLSxZmkDcc,2022-04-20T14:23:02Z,@lovelyinjun,Yay I’m so happy Eunsang has finally debuted in a group! STAN YOUNITE EVERYONE!,1
YOUNITE,qSLSxZmkDcc,2022-04-20T14:21:16Z,@wahtctwgctw,MY BOYS IM SO PROUD OF U THIS WAS SOO GOOD,0
YOUNITE,qSLSxZmkDcc,2022-04-20T14:21:00Z,@yoonivrse,i didn’t even hear about younite until today but this is so cute !! tbh this is one of my favorite 4th gen debuts :],0
YOUNITE,qSLSxZmkDcc,2022-04-20T14:20:00Z,@nurinbat8013,SARANGHAE EUNSANGG!!!!!!,0
YOUNITE,qSLSxZmkDcc,2022-04-20T14:19:37Z,@aureliw,THIS IS SO CUTEEE😻😻,0
YOUNITE,qSLSxZmkDcc,2022-04-20T14:17:28Z,@hamsteral7479,adorable 🥺,0
YOUNITE,qSLSxZmkDcc,2022-04-20T14:16:39Z,@Hankyuz,keep streaming YOUNIZ,1
YOUNITE,qSLSxZmkDcc,2022-04-20T14:15:51Z,@thanhloan2251,my best friend really likes Eunsang and she&#39;s been looking forward to Eunsang&#39;s comeback~ hope Eunsang and YOUNITE will go on a flowery and super successful road~ Eunsang fighting (*≧∀≦*) YOUNITE fighting ٩( ᐛ )و,23
YOUNITE,qSLSxZmkDcc,2022-04-20T14:14:39Z,@springrain_4,stan younite they wont disappoint you,0
YOUNITE,qSLSxZmkDcc,2022-04-20T14:14:00Z,@giachintas.kartika2209,LET&#39;S GOO YOUNIZ !!! FIGHTING !!! GO GO GOOO !!!,0
YOUNITE,qSLSxZmkDcc,2022-04-20T14:13:47Z,@janfreyolan,OMO IMMA BE A YOUNIZ IM SO GLAD THEIR TIKTOK CAME ON MY FYP!!!!!,0
YOUNITE,qSLSxZmkDcc,2022-04-20T14:13:04Z,@jyce-1680,"incroyable, DEY&#39;s parts are very good !!",2
YOUNITE,qSLSxZmkDcc,2022-04-20T14:12:51Z,@eydanmono,Los amo flacos 💖,2
YOUNITE,qSLSxZmkDcc,2022-04-20T14:11:24Z,@sweetiessmile1370,"Congrats for debut 💖💖 Lets be forever together, Younite 💗 Youniz ☺☺",0
YOUNITE,qSLSxZmkDcc,2022-04-20T14:10:33Z,@rooslad8356,"I expected better for their debut, kinda disappointed. The rap part save their debut to be honest.",0
YOUNITE,qSLSxZmkDcc,2022-04-20T14:08:40Z,@tyanghulu4868,Congratulations for the debut!!!,1
YOUNITE,qSLSxZmkDcc,2022-04-20T14:07:22Z,@foxvamp6970,Parabéns pelo debut,1
YOUNITE,qSLSxZmkDcc,2022-04-20T14:07:12Z,@katgutierrez6296,So good,1
YOUNITE,qSLSxZmkDcc,2022-04-20T14:06:22Z,@sayhihaneul,🧡,2
YOUNITE,qSLSxZmkDcc,2022-04-20T14:04:45Z,@devanyai,"OMG SO COOL!!!!!!!!! kyungmun, younite congratulation on your debut!!!!!! &lt;333",2
YOUNITE,qSLSxZmkDcc,2022-04-20T14:04:40Z,@주드림스타즈,대단합니다. 대박 날 것에요,1
YOUNITE,qSLSxZmkDcc,2022-04-20T13:59:07Z,@pronunciacionestomoonis,AAH ESTA MY HERMOSO TODO ELLOS AAA! ESPERO Q SEAN MAS RECONOCIDOS,2
YOUNITE,qSLSxZmkDcc,2022-04-20T13:57:05Z,@cheezey745,my younite you guys did so well i’m proud 😭♥️,3
YOUNITE,qSLSxZmkDcc,2022-04-20T13:56:25Z,@randypagunsan1621,🥰,1
YOUNITE,qSLSxZmkDcc,2022-04-20T13:54:02Z,@hiruzenarea,Youniz diri you know that the Teddy bear in MV is represent of us???,5
YOUNITE,qSLSxZmkDcc,2022-04-20T13:49:37Z,@nayeonbecameastar,Ahhhh best debut song!!! Love it!!,3
YOUNITE,qSLSxZmkDcc,2022-04-20T13:48:13Z,@จุรีพรรณเนาวอําพล,ซังงี่~~~,0
YOUNITE,qSLSxZmkDcc,2022-04-20T13:47:10Z,@meyer_rr,EUNSANG 💝💝💝💝,0
YOUNITE,qSLSxZmkDcc,2022-04-20T13:43:37Z,@nannsan5648,YOUNITE 데뷔를 축하추카추카 축하해용 LEE EUNSANG JJANGGGG YOUNITE JJANGGGG,0
YOUNITE,qSLSxZmkDcc,2022-04-20T13:43:14Z,@vulymra,"congrats on your debut, boys!!!",0
YOUNITE,qSLSxZmkDcc,2022-04-20T13:42:44Z,@vulymra,какой милый клииииип🥺,0
YOUNITE,qSLSxZmkDcc,2022-04-20T13:42:35Z,@anastasiad.1871,CONGRATS EUNSANGIE,0
YOUNITE,qSLSxZmkDcc,2022-04-20T13:39:58Z,@auliaadindaputri_fib1280,❤❤❤❤❤❤❤❤❤❤❤❤❤,0
YOUNITE,qSLSxZmkDcc,2022-04-20T13:39:47Z,@hi7_nomu,ユナイトちゃんたちデビューおめでとう！！ 応援してるヨォ📣❤️‍🔥,1
YOUNITE,qSLSxZmkDcc,2022-04-20T13:39:24Z,@auliaadindaputri_fib1280,Congrats Younite!!!!!🎉❤❤,0
YOUNITE,qSLSxZmkDcc,2022-04-20T13:39:15Z,@abcd-kq2ke,유나이트 데뷔축하해! 앞으로 더 좋은길 걷자!!,0
YOUNITE,qSLSxZmkDcc,2022-04-20T13:38:52Z,@Luyalist,"Are they asking to pick a bias, 1of 9? How does one simply choose? 😔❤️",0
YOUNITE,qSLSxZmkDcc,2022-04-20T13:38:07Z,@fatimaaluz98,Felicidades mis niños hermosos por su debut!,0
YOUNITE,qSLSxZmkDcc,2022-04-20T13:37:47Z,@callmiru,حبيتكم 💳💥💳💥💳💥,1
YOUNITE,qSLSxZmkDcc,2022-04-20T13:37:31Z,@user-wd1ij3fs6v,조타 🫶🏻,0
YOUNITE,qSLSxZmkDcc,2022-04-20T13:37:18Z,@liyana2836,I WAS OUT AND CAUSE OF THAT IM LATE 😭,1
YOUNITE,qSLSxZmkDcc,2022-04-20T13:36:37Z,@Yun-qb2zf,귀엽다,0
YOUNITE,qSLSxZmkDcc,2022-04-20T13:35:41Z,@Medtsuna,와~,0
YOUNITE,qSLSxZmkDcc,2022-04-20T13:33:51Z,@fourteen9076,1:33 is Eunho&#39;s hair braided??!! 😳 He looks cute af 😍😍,0
YOUNITE,qSLSxZmkDcc,2022-04-20T13:33:42Z,@junescoton7929,❤❤🎉🎉,0
YOUNITE,qSLSxZmkDcc,2022-04-20T13:32:44Z,@nicolesantillan2474,Congratss!!!,0
YOUNITE,qSLSxZmkDcc,2022-04-20T13:30:53Z,@jiac.briones,"Really nice to watch, gives us good energy!",0
YOUNITE,qSLSxZmkDcc,2022-04-20T13:28:42Z,@adriana7vansheskko455,Son tan lindos me encanta como cantan ❤️😍 son los chicos que me hacen cosas linda y tiernas,1
YOUNITE,qSLSxZmkDcc,2022-04-20T13:27:59Z,@micaelamarianaolguintorres1814,Esta canción es arte,0
YOUNITE,qSLSxZmkDcc,2022-04-20T13:27:50Z,@user-wz4yt9st2c,ウンサンデビューおめでとう😭♥️,0
YOUNITE,qSLSxZmkDcc,2022-04-20T13:27:37Z,@poonammandola4608,🤩🤩🤩🤩🤩LOVELY I am gonna be a old fan of younite,0
YOUNITE,qSLSxZmkDcc,2022-04-20T13:26:30Z,@nily08_,group of the year,0
YOUNITE,qSLSxZmkDcc,2022-04-20T13:26:18Z,@nily08_,Congratulations for your debut Younıte,0
YOUNITE,qSLSxZmkDcc,2022-04-20T13:24:10Z,@rrukasa,그들은 너무 귀엽다 !!,1
YOUNITE,qSLSxZmkDcc,2022-04-20T13:23:23Z,@paigexpop,THIS VIDEO AND CONCEPT AND SONG IS PERFECT ILYYYY SEE YOU SATURDAY BESTIES,2
YOUNITE,qSLSxZmkDcc,2022-04-20T13:23:17Z,@naynaay,LOS AMO CHIQUILLOS,0
YOUNITE,qSLSxZmkDcc,2022-04-20T13:23:07Z,@naynaay,VAMOOOOOO,0
YOUNITE,qSLSxZmkDcc,2022-04-20T13:22:58Z,@임뮤아,เพลงน่ารักมากเลยอ่ะ รู้สึกโดนตกขึ้นมากระทันหัน5555 ยินดีด้วยที่ได้เดบิวต์นะ,0
YOUNITE,qSLSxZmkDcc,2022-04-20T13:21:39Z,@audiokpop1,today is my birthday and what a nice gift 😭💗,0
YOUNITE,qSLSxZmkDcc,2022-04-20T13:21:08Z,@Cale09,🥺💙✨,0
YOUNITE,qSLSxZmkDcc,2022-04-20T13:20:32Z,@thisissoleil6154,The song is good. Congrats for ur debut,0
YOUNITE,qSLSxZmkDcc,2022-04-20T13:20:32Z,@jah3he,EUNSANG SAYANG KANGENNNNNNNN,0
YOUNITE,qSLSxZmkDcc,2022-04-20T13:20:08Z,@pannihegedus7575,Cuties♡♡,0
YOUNITE,qSLSxZmkDcc,2022-04-20T13:19:20Z,@jenosauro22,"PARABÉNS PELO DEBUT AHAH, ESPEREI ANSIOSA, E VALEU TANTO ESPERAR, PORQUE O MV TÁ PERFEITO!!!!",24
YOUNITE,qSLSxZmkDcc,2022-04-20T13:19:10Z,@oo-pi2dq,Love their voice♥️😚,1
YOUNITE,qSLSxZmkDcc,2022-04-20T13:19:09Z,@leeeunsang2161,WHAT DO YOU IT&#39;S JUST 1 OF 9 !!! THAT SHOULD BE 9 OF 9 !!! THAT IS SO PERFECT !!!,0
YOUNITE,qSLSxZmkDcc,2022-04-20T13:18:54Z,@justiciashinta,finallyyy!! congrats on your debut ✨ let’s go!,0
YOUNITE,qSLSxZmkDcc,2022-04-20T13:18:23Z,@たいやき-t1u,これからの活動が楽しみ！🥹,1
YOUNITE,qSLSxZmkDcc,2022-04-20T13:17:42Z,@たいやき-t1u,ユナイト파이팅！！大好き🫶🏻🌺,1
YOUNITE,qSLSxZmkDcc,2022-04-20T13:17:10Z,@arwaisthinking,i&#39;m crying rn i&#39;m so happy🥺🥺🥺🥺,0
YOUNITE,qSLSxZmkDcc,2022-04-20T13:15:37Z,@maryori6667,"YOUNITE debut finally arrived, I&#39;m so excited, I love the song. Figthing YOUNIZ. ♡",1
YOUNITE,qSLSxZmkDcc,2022-04-20T13:14:39Z,@miinoo6883,Cuối cùng Lee Eun Sang cũng tìm được chỗ đứng trong nhóm YOUNITE...Cố gắng lên nha anh,1
YOUNITE,qSLSxZmkDcc,2022-04-20T13:12:01Z,@Ashterjann,Finally debut!! CONGRATULATIONS ❤🎉,2
YOUNITE,qSLSxZmkDcc,2022-04-20T13:11:30Z,@peserta378,YEAH TELL ME LOVE !!! I CHOOSE YOUNITE !!!,0
YOUNITE,qSLSxZmkDcc,2022-04-20T13:11:15Z,@ateezpresent4839,parabéns pelo debut younite!!!!!!!,1
YOUNITE,qSLSxZmkDcc,2022-04-20T13:10:50Z,@yslaslays,CONGRATS ON DEBUTING YOUNITE ALL THE BEST!,0
YOUNITE,qSLSxZmkDcc,2022-04-20T13:10:39Z,@miu9494,Nhạc khá hợp gu luôn nè. Chúc nhóm luôn thành công nhé,0
YOUNITE,qSLSxZmkDcc,2022-04-20T13:10:19Z,@nurulamilabintizakaria2469,"This is so cute and awaiting debut for Eunsang, all the members as well. Good job! Good luck in ahead, wish all of you have a great day and enjoy every little moment. This is cute! Fighting!",0
YOUNITE,qSLSxZmkDcc,2022-04-20T13:10:13Z,@Gracielauniverse,Me encanto,1
YOUNITE,qSLSxZmkDcc,2022-04-20T13:09:54Z,@mysteryk8975,Chúc mừng YOUNITE debut nha:3,1
YOUNITE,qSLSxZmkDcc,2022-04-20T13:09:32Z,@tokyowasabii3395,I&#39;m so happy for them.,0
YOUNITE,qSLSxZmkDcc,2022-04-20T13:09:17Z,@Gracielauniverse,Omg amoooo,0
YOUNITE,qSLSxZmkDcc,2022-04-20T13:08:25Z,@옌니-w4k,노력하고 포기하지 않으서 고마워~ 유나이트 화이팅 ~ 유니즈도 화이팅,0
YOUNITE,qSLSxZmkDcc,2022-04-20T13:07:49Z,@nishattasnimmaisha9706,Congratulations on your debut🥳 I&#39;m a Fine I think I&#39;m gonna stan this group,0
YOUNITE,qSLSxZmkDcc,2022-04-20T13:07:12Z,@april-zf5qo,you did well younite,0
YOUNITE,qSLSxZmkDcc,2022-04-20T13:06:19Z,@-ningning9484,Estoy tan orgullosa de ellos 😭,0
YOUNITE,qSLSxZmkDcc,2022-04-20T13:03:05Z,@celeste3298,"No parece un debut, se ve tan profesional que es como si ya hubieran sacado música antes. Felicitaciones por su debut!",0
YOUNITE,qSLSxZmkDcc,2022-04-20T13:01:38Z,@deraono8473,LET&#39;S GOOO !!! YOUNITE FIGHTING !!!,0
YOUNITE,qSLSxZmkDcc,2022-04-20T13:01:34Z,@erention1390,행복한 데뷔일! 🥺💌,0
YOUNITE,qSLSxZmkDcc,2022-04-20T12:59:13Z,@hiruzenarea,100k let&#39;s goooo,0
YOUNITE,qSLSxZmkDcc,2022-04-20T12:58:58Z,@rainoct1088,mangattt youniz,0
YOUNITE,qSLSxZmkDcc,2022-04-20T12:58:29Z,@jocelyncastillo9621,this soooooo cuteeeeeee......mmmm i choose the red haired boy.........he is sooooooo adorable!!!!!!!!!!!!!!!!.....and that teddy bear.....I WANT IT!!!!!!!!!!!!!!!!!,0
YOUNITE,qSLSxZmkDcc,2022-04-20T12:53:17Z,@msncfln50,CONGRATULATION BOYS,1
YOUNITE,qSLSxZmkDcc,2022-04-20T12:52:59Z,@myeunsangromance5334,RAISE YOUR HANDS IF YOU&#39;RE HERE SINCE THEIR PREDEBUT,5
YOUNITE,qSLSxZmkDcc,2022-04-20T12:51:56Z,@veronikawiwik4977,NO NEED TO THINK !! THE ANSWER IS YOUNITE !!!!,1
YOUNITE,qSLSxZmkDcc,2022-04-20T12:51:35Z,@pronunciacionestomoonis,La cancion es muy alegre!! Youniz hay q darle mucho amor,3
YOUNITE,qSLSxZmkDcc,2022-04-20T12:51:26Z,@figodrrn,congratssss eunsang ❤️❤️❤️❤️,0
YOUNITE,qSLSxZmkDcc,2022-04-20T12:51:05Z,@stargazerel,Congratulation on ur debut Younite!!,18
YOUNITE,qSLSxZmkDcc,2022-04-20T12:50:01Z,@杏-c1j3y,デビューおめでとう🥹💙❕,1
YOUNITE,qSLSxZmkDcc,2022-04-20T12:46:59Z,@syerra3138,"I actually was waiting for this group to debut, I get the feel of them predebut and I love it just like this song.",1
YOUNITE,qSLSxZmkDcc,2022-04-20T12:45:20Z,@eybinewannable2672,Congrats on your debut younite!,1
YOUNITE,qSLSxZmkDcc,2022-04-20T12:40:02Z,@sukwantobecman8967,THAT IS NOT 1 OF 9 !!! IT IS 9 OF 9 !!! PERFECT SCORE FOR YOUNITE !!!!,0
YOUNITE,qSLSxZmkDcc,2022-04-20T12:39:33Z,@aileenthoughts5498,Congratulation on your Debut fighting!!,0
YOUNITE,qSLSxZmkDcc,2022-04-20T12:39:26Z,@dankoya,It&#39;s literally so good,0
YOUNITE,qSLSxZmkDcc,2022-04-20T12:38:30Z,@markb3487,Fighting LEE EUNSANG!! You are the best!!,0
YOUNITE,qSLSxZmkDcc,2022-04-20T12:37:38Z,@_polaroid_1077,:D,0
YOUNITE,qSLSxZmkDcc,2022-04-20T12:37:28Z,@pronunciacionestomoonis,"Aplausos a los chicos&quot; lo hicieron genial&quot; con su debut, me encanto en parte casi lloro de la emocion😪😍👏",3
YOUNITE,qSLSxZmkDcc,2022-04-20T12:37:03Z,@agung7andika7,This song so catchy,0
YOUNITE,qSLSxZmkDcc,2022-04-20T12:35:36Z,@Its_L3on,Congrats on your debut! ❤,0
YOUNITE,qSLSxZmkDcc,2022-04-20T12:32:57Z,@streamingflash3714,"YES TELL ME, LOVE !!! I CHOOSE 9 OF 9 !!!",0
YOUNITE,qSLSxZmkDcc,2022-04-20T12:31:20Z,@ayounglee536,유나이트 화이팅😀💕 유니즈💘운명처럼💘유나이트,0
YOUNITE,qSLSxZmkDcc,2022-04-20T12:31:11Z,@madedae8453,YOUNITE fighting!!!!,0
YOUNITE,qSLSxZmkDcc,2022-04-20T12:30:48Z,@ameerashana6644,"Kyungmun, congratulations for your debut ~~!!! 🎉💗💗",1
YOUNITE,qSLSxZmkDcc,2022-04-20T12:29:26Z,@ellevinxai,Steve Im in luvvvvvvvvvv,0
YOUNITE,qSLSxZmkDcc,2022-04-20T12:26:49Z,@seokjinkim7870,"YUP, I CHOOSE ALL OF YOU !!! IT&#39;S 9 OF 9 !!! MARVELOUS !!!",0
YOUNITE,qSLSxZmkDcc,2022-04-20T12:26:16Z,@ruttkoko2657,Kyungmun !!! I 🫶🏻U,0
YOUNITE,qSLSxZmkDcc,2022-04-20T12:25:30Z,@ruttkoko2657,น่ารักมากกกกกก 🫶🏻🫶🏻🫶🏻🫶🏻,0
YOUNITE,qSLSxZmkDcc,2022-04-20T12:25:04Z,@gigibantock4784,Loving the concept!,0
YOUNITE,qSLSxZmkDcc,2022-04-20T12:23:18Z,@ncnd19,congratulations for all of you. have a success debut.,0
YOUNITE,qSLSxZmkDcc,2022-04-20T12:22:55Z,@Elle_ll,Congratulations Younite💕🥹🫂,0
YOUNITE,qSLSxZmkDcc,2022-04-20T12:22:31Z,@for_everdani10,eunsang 😍,0
YOUNITE,qSLSxZmkDcc,2022-04-20T12:22:03Z,@minaria_eo,I&#39;m sorry but i&#39;m like the little bear ... I can&#39;t choose ! 😭😭 You are all amazing 👌 ✨And congrats on your debut !!🌞✨🎉,0
YOUNITE,qSLSxZmkDcc,2022-04-20T12:21:21Z,@jjack912,유나이트 데뷔 축하해🥳,0
YOUNITE,qSLSxZmkDcc,2022-04-20T12:21:17Z,@sabrinaelias3389,"The song is so good, I smiled the entire video!",0
YOUNITE,qSLSxZmkDcc,2022-04-20T12:19:54Z,@sabrinaelias3389,I LOVE IT SO MUCH!,0
YOUNITE,qSLSxZmkDcc,2022-04-20T12:18:58Z,@karoola4974,super cute and fresh we needed that!!!!!,0
YOUNITE,qSLSxZmkDcc,2022-04-20T12:14:35Z,@SweetPetrichorr,"Congratulation esunsangaaaa, let&#39;s shining like star in the sky💫💙",0
YOUNITE,qSLSxZmkDcc,2022-04-20T12:12:53Z,@SehunTzuyuFans,Semoga bisa terkenal ❤️,0
YOUNITE,qSLSxZmkDcc,2022-04-20T12:10:57Z,@saharqueen,فايتينغ احبكم ♥️,1
YOUNITE,qSLSxZmkDcc,2022-04-20T12:09:42Z,@mand7735,Uhhhh finally 😢😢,0
YOUNITE,qSLSxZmkDcc,2022-04-20T12:08:43Z,@fredovargas,Congrats for the debut of Kyungmun :),0
YOUNITE,qSLSxZmkDcc,2022-04-20T12:08:09Z,@elinapeuron,데뷔 축하해 YOUNITE ❤,0
YOUNITE,qSLSxZmkDcc,2022-04-20T12:07:24Z,@blaireez0_0,CONGRATULATIONS FOR Y&#39;ALL DEBUTTTTTT AAHWKWKWPWKWPKWPS,0
YOUNITE,qSLSxZmkDcc,2022-04-20T12:07:21Z,@김재란-x6l,에에들대박이다참잘한다팬돳었요 사랑합니다,0
YOUNITE,qSLSxZmkDcc,2022-04-20T12:06:54Z,@danieldazed,WOOOOW I REALLY LOVE CONGRATULATIONS YOUNITE FOR YOU DEBUT!!!&lt;3,0
YOUNITE,qSLSxZmkDcc,2022-04-20T12:06:50Z,@Daniela-ri6ng,&lt;33,0
YOUNITE,qSLSxZmkDcc,2022-04-20T12:06:41Z,@SusiSusanti-mw3fb,Congratstuliation uri baby Eunsung for debuting with new group 👏👏👏👏❤💚,1
YOUNITE,qSLSxZmkDcc,2022-04-20T12:05:03Z,@Euphoria7777,Sooooo cute,0
YOUNITE,qSLSxZmkDcc,2022-04-20T12:04:27Z,@sua_candy,CONGRATULATIONS FOR YOUR DEBUT!!,0
YOUNITE,qSLSxZmkDcc,2022-04-20T12:04:06Z,@woojiniemin7725,Congrats on your debut,0
YOUNITE,qSLSxZmkDcc,2022-04-20T12:04:02Z,@vulymra,отличная песня!!!,0
YOUNITE,qSLSxZmkDcc,2022-04-20T12:03:47Z,@woojiniemin7725,Fighting 💪,0
YOUNITE,qSLSxZmkDcc,2022-04-20T12:03:43Z,@vulymra,go go gooooo!,0
YOUNITE,qSLSxZmkDcc,2022-04-20T12:02:08Z,@ghaiood,CONGRATS ON UR DEBUT YOUNITE❤❤❤❤❤❤,19
YOUNITE,qSLSxZmkDcc,2022-04-20T12:00:43Z,@emitomatopoo,I mostly looked into the group bc of eunsang and bc he was my fave in pdx101 but I literally learned the rest of the members names in a day lol. they&#39;re sooooo talented and energetic :)) I can&#39;t wait to see how much success they have !,2
YOUNITE,qSLSxZmkDcc,2022-04-20T12:00:33Z,@s00bin31,i love this concept so much,1
YOUNITE,qSLSxZmkDcc,2022-04-20T12:00:29Z,@brendamarquez78,Felicidades por su debut YOUNITE YOUNIZ hispana aquí!! Cuántos más? 👀✨,0
YOUNITE,qSLSxZmkDcc,2022-04-20T12:00:00Z,@chrizlee7953,I am happy that their debut concept is soft and I love the chorus.,0
YOUNITE,qSLSxZmkDcc,2022-04-20T11:59:10Z,@nuningn5327,"So happy for younite debut, sukses teruss",0
YOUNITE,qSLSxZmkDcc,2022-04-20T11:59:07Z,@DankiHoi,"Oh, it&#39;s so amazing!",0
YOUNITE,qSLSxZmkDcc,2022-04-20T11:58:58Z,@hamjin,"Congratulations to Eunsang, Finally the wait is over. I waited for you to debut and it&#39;s worth waiting. I love you:&gt;3 Also Congratulations to the rest of the members. You all have my support❤️",1
YOUNITE,qSLSxZmkDcc,2022-04-20T11:58:56Z,@9_ha_9,0:38 wait. why is Hongjoong in this MV?,1
YOUNITE,qSLSxZmkDcc,2022-04-20T11:56:40Z,@moth3265,Its cute and refreshing &lt;3,1
YOUNITE,qSLSxZmkDcc,2022-04-20T11:56:37Z,@huiesjy5859,유나이트 데뷔 축하해💞💞,0
YOUNITE,qSLSxZmkDcc,2022-04-20T11:56:09Z,@Ak_0239,🥰😍😘❤💕,0
YOUNITE,qSLSxZmkDcc,2022-04-20T11:55:43Z,@hiruzenarea,Youniz our target is 1M in 24H!!!! So fighting YOUNIZ 💪,0
YOUNITE,qSLSxZmkDcc,2022-04-20T11:54:54Z,@mr_chacha07,omg i love the song sm (≧▽≦),0
YOUNITE,qSLSxZmkDcc,2022-04-20T11:54:37Z,@zeliapriliamss,sukses selaluu,0
YOUNITE,qSLSxZmkDcc,2022-04-20T11:54:31Z,@keziasebastian,Congratulations guys 🥳🥳🥳🥳🥳🥳,1
YOUNITE,qSLSxZmkDcc,2022-04-20T11:46:52Z,@bestboyholland3217,They&#39;re great:),0
YOUNITE,qSLSxZmkDcc,2022-04-20T11:45:45Z,@oneout5143,Congrats on debuting! I’m loving how bright and playful this song is. &lt;3,2
YOUNITE,qSLSxZmkDcc,2022-04-20T11:41:56Z,@Minnseong,Congrats Kyungmun for your debut!!!!,1
YOUNITE,qSLSxZmkDcc,2022-04-20T11:41:51Z,@piaaeri,congratulation on your debutation eunsang and younite,1
YOUNITE,qSLSxZmkDcc,2022-04-20T11:40:53Z,@Movingallthewhile,I love this song. These boys have so much potential.,2
YOUNITE,qSLSxZmkDcc,2022-04-20T11:39:59Z,@이호진-x2n3v,🌸🌸🌸🌸🌸,0
YOUNITE,qSLSxZmkDcc,2022-04-20T11:36:39Z,@anoch8283,Everyone looks good.😍❤️❤️,0
YOUNITE,qSLSxZmkDcc,2022-04-20T11:34:45Z,@itwillflows6590,WELCOME YOUNITE😍,0
YOUNITE,qSLSxZmkDcc,2022-04-20T11:34:16Z,@kyoongsahi,congrats for your debut eunsang❤,0
YOUNITE,qSLSxZmkDcc,2022-04-20T11:29:32Z,@saarahsydow,Eunsang,0
YOUNITE,qSLSxZmkDcc,2022-04-20T11:28:01Z,@NaNa-vm2tk,경문아 대뷔축아해🥳🥳,0
YOUNITE,qSLSxZmkDcc,2022-04-20T11:27:50Z,@akari_3ao3,Commenting this so ppl know I’ve been here since debut 😫😫😫,1
YOUNITE,qSLSxZmkDcc,2022-04-20T11:27:08Z,@감즈아-e7i,"대부, 축하해~ 사랑해",0
YOUNITE,qSLSxZmkDcc,2022-04-20T11:26:44Z,@ceraaaaa2944,congrats on your debut eunsangie♡♡,1
YOUNITE,qSLSxZmkDcc,2022-04-20T11:25:21Z,@user-mp8cj6ih9k,Congratulations for eunsang&#39;s debut ♡♡♡,0
YOUNITE,qSLSxZmkDcc,2022-04-20T11:24:43Z,@ipeooo6045,HAPPY DEBUT! LET&#39;S STAN YOUNITE EVERYONEEEE,2
YOUNITE,qSLSxZmkDcc,2022-04-20T11:24:39Z,@reisyaarsyha9108,YUHUUU SELAMAT DEBUT,0
YOUNITE,qSLSxZmkDcc,2022-04-20T11:24:27Z,@eda02149,Finally 😭😭💛💛💛💛💛💛,0
YOUNITE,qSLSxZmkDcc,2022-04-20T11:24:26Z,@skirt2784,Je pense stan ce grp !!! J&#39;AI HÂTE POUR LA SUITE,1
YOUNITE,qSLSxZmkDcc,2022-04-20T11:22:54Z,@camillylopes484,LEE EUNSANG DE CABELO ROSA!!!!! REPITO LEE EUNSANG DE CABELO ROSA!!!,0
YOUNITE,qSLSxZmkDcc,2022-04-20T11:20:12Z,@priportela4990,"Parabéns pelo debut amores, sejam bem vindos, amei o seu conceito, está muito perfeito, já vou acompanhar vocês sempre.",1
YOUNITE,qSLSxZmkDcc,2022-04-20T11:18:15Z,@l3vcu,sioonnn 😢,1
YOUNITE,qSLSxZmkDcc,2022-04-20T11:18:11Z,@markpjyapit911,Congratulations 🎉,0
YOUNITE,qSLSxZmkDcc,2022-04-20T11:18:05Z,@l3vcu,best mvv !,1
YOUNITE,qSLSxZmkDcc,2022-04-20T11:18:00Z,@markpjyapit911,🥳✨🎉,0
YOUNITE,qSLSxZmkDcc,2022-04-20T11:16:54Z,@dayya_G,🥰🥰🥰🥳🥳🥳,0
YOUNITE,qSLSxZmkDcc,2022-04-20T11:16:33Z,@hanabiragu,은상 데뷔 축하해😆😆👏👏,0
YOUNITE,qSLSxZmkDcc,2022-04-20T11:16:21Z,@Asahiverse,✨Congratulation YOUNITE for your debut ✨,1
YOUNITE,qSLSxZmkDcc,2022-04-20T11:14:06Z,@justsomeone5313,Congratulations on your Debut!! I knew Kyungmun and Eunsang from predebut because of LOUD and X1,0
YOUNITE,qSLSxZmkDcc,2022-04-20T11:14:06Z,@nofruirpear4382,유나이트 데뷔 정말 축하해용 🙌🏻❤︎❤︎,0
YOUNITE,qSLSxZmkDcc,2022-04-20T11:13:11Z,@neezcharity3434,This is such a fun and beautiful song,0
YOUNITE,qSLSxZmkDcc,2022-04-20T11:11:15Z,@sofareese,AHHH congratulations on your debut !!,0
YOUNITE,qSLSxZmkDcc,2022-04-20T11:10:10Z,@neezcharity3434,Congrats on your debut YOUNITE!!!!!!!!!!!!,0
YOUNITE,qSLSxZmkDcc,2022-04-20T11:09:03Z,@lyllaby,happy debut! &lt;3,1
YOUNITE,qSLSxZmkDcc,2022-04-20T11:06:31Z,@itzzky,"Congratulations on your debut!, such a good song!!",1
YOUNITE,qSLSxZmkDcc,2022-04-20T11:06:20Z,@anushreesaxena4705,Congrats🎉🎉 on your debut YOUNITE ❤️,2
YOUNITE,qSLSxZmkDcc,2022-04-20T11:04:35Z,@dodo-nim,CONGATS ON YOUR DEBUT!!!!,1
YOUNITE,qSLSxZmkDcc,2022-04-20T11:04:08Z,@sitisalwavlog3624,Congratulations on your debut🎉NGL already addicted to this song,1
YOUNITE,qSLSxZmkDcc,2022-04-20T11:04:02Z,@eeshala3365,Congrats on your debut!! 💙 Youniz! Forever!,2
YOUNITE,qSLSxZmkDcc,2022-04-20T11:02:44Z,@felixdaisuki,유나이트 데뷔 축하해✨✨ 대박나자✨,1
YOUNITE,qSLSxZmkDcc,2022-04-20T11:00:18Z,@Adrihe.,"С дебютом вас, милашки",6
YOUNITE,qSLSxZmkDcc,2022-04-20T10:59:14Z,@jpxviil,🤍🤍🤍🤍🤍🤍🤍🤍🤍🤍,2
YOUNITE,qSLSxZmkDcc,2022-04-20T10:59:05Z,@minyoon5029,Arte puro de canción... Me encanta es mi favorita..,4
YOUNITE,qSLSxZmkDcc,2022-04-20T10:59:04Z,@dadal2697,I loved their predebut song but their debut is even more amazing. Excellent debut ✧,2
YOUNITE,qSLSxZmkDcc,2022-04-20T10:57:39Z,@Londyluv.1,مره تجننن,2
YOUNITE,qSLSxZmkDcc,2022-04-20T10:57:18Z,@___-hl3rn,eunsang 3rd debut 😍😍😍,1
YOUNITE,qSLSxZmkDcc,2022-04-20T10:53:54Z,@lovaprili,Lee Eunsang&#39;s smile is so cute,2
YOUNITE,qSLSxZmkDcc,2022-04-20T10:53:09Z,@lovaprili,Lee Eunsang,2
YOUNITE,qSLSxZmkDcc,2022-04-20T10:52:58Z,@lovaprili,"Congratulations on your debut, I wish you success in the future",3
YOUNITE,qSLSxZmkDcc,2022-04-20T10:52:53Z,@Avi_Maria,Love from India 🇮🇳 ❤,2
YOUNITE,qSLSxZmkDcc,2022-04-20T10:52:24Z,@lorrraine3560,the teddy bear that represents for youniz is so cute,2
YOUNITE,qSLSxZmkDcc,2022-04-20T10:52:20Z,@johannsaintbirne5598,"sorry i just can&#39;t choose one Sion, Eunho and DEY are definitely my favorites ♡",3
YOUNITE,qSLSxZmkDcc,2022-04-20T10:52:12Z,@l3vcu,please stream 😭,1
YOUNITE,qSLSxZmkDcc,2022-04-20T10:52:05Z,@aldrynabunga4387,Finally!!!! Congratulation for your debut guys!!!!,1
YOUNITE,qSLSxZmkDcc,2022-04-20T10:51:52Z,@parknijoow5868,Congratulations YOUNITE!!,10
YOUNITE,qSLSxZmkDcc,2022-04-20T10:51:41Z,@lorrraine3560,this is masterpiece,1
YOUNITE,qSLSxZmkDcc,2022-04-20T10:51:19Z,@lorrraine3560,Congratulations on your debut younite!!! we youniz are so proud to 9 of u &lt;3,1
YOUNITE,qSLSxZmkDcc,2022-04-20T10:51:13Z,@l3vcu,best boys,1
YOUNITE,qSLSxZmkDcc,2022-04-20T10:50:47Z,@l3vcu,I’m obsessed with this mv 😭😭😭😭🤯,1
YOUNITE,qSLSxZmkDcc,2022-04-20T10:50:30Z,@l3vcu,I love it !!,1
YOUNITE,qSLSxZmkDcc,2022-04-20T10:50:25Z,@lorrraine3560,"stan talents, stan younite",2
YOUNITE,qSLSxZmkDcc,2022-04-20T10:50:05Z,@l3vcu,Congratulations on you debut 💓💓💓,1
YOUNITE,qSLSxZmkDcc,2022-04-20T10:49:01Z,@izzatihmdi,COMEL SANGAT LAGU NI 😭😭💗💗💗,1
YOUNITE,qSLSxZmkDcc,2022-04-20T10:48:55Z,@lel5688,felicidades por su debut YOUNITE,2
YOUNITE,qSLSxZmkDcc,2022-04-20T10:47:36Z,@koyuda,"congrats on ur debut, younite!! 💗💗",4
YOUNITE,qSLSxZmkDcc,2022-04-20T10:47:19Z,@astaeyaliiisa7467,💗💗💗,1
YOUNITE,qSLSxZmkDcc,2022-04-20T10:46:44Z,@iloveyoubabies5675,omg,1
YOUNITE,qSLSxZmkDcc,2022-04-20T10:46:15Z,@PDE-OFFICIAL,AHHHH! I Love This So Much!😩❤️,2
YOUNITE,qSLSxZmkDcc,2022-04-20T10:45:46Z,@denissesandoval8887,"Me encanto mucho , al fin feliz de ver a Eunsang debutar en un grupo con amigos .",1
YOUNITE,qSLSxZmkDcc,2022-04-20T10:45:32Z,@ChaCha-tm8wq,Congratulation for your debut 🎉❤️,2
YOUNITE,qSLSxZmkDcc,2022-04-20T10:45:26Z,@rainoct1088,ayooo bisa 1M sehariii,2
YOUNITE,qSLSxZmkDcc,2022-04-20T10:45:02Z,@u._.u_nochu,ウンサンデビューおめでとう‼️🥰🥰🌸 オーディションの時の赤髪のときもx1になってからも今も応援してるよ~🤍 youniteもっと人気になりますように❗️,1
YOUNITE,qSLSxZmkDcc,2022-04-20T10:44:30Z,@khalilaputri2579,eunsang 😻🫶,1
YOUNITE,qSLSxZmkDcc,2022-04-20T10:44:22Z,@jiyoonpark1672,Woono ❣️❣️❣️❣️ ma baby ❣️❣️,1
YOUNITE,qSLSxZmkDcc,2022-04-20T10:44:18Z,@khalilaputri2579,ayeeyyy happt debut boys,1
YOUNITE,qSLSxZmkDcc,2022-04-20T10:44:00Z,@jiyoonpark1672,Congratulations for you debut Kyungmun🦙,1
YOUNITE,qSLSxZmkDcc,2022-04-20T10:43:46Z,@xamiraxx9181,Congrats on your debut younite!&lt;3,1
YOUNITE,qSLSxZmkDcc,2022-04-20T10:39:05Z,@mj.9c711,유나이트 파이팅!!~~~,2
YOUNITE,qSLSxZmkDcc,2022-04-20T10:37:43Z,@chaeyzns,"Parabéns meninos, amei o mv ♥︎",1
YOUNITE,qSLSxZmkDcc,2022-04-20T10:37:41Z,@pejetarian,"congrats for your debut, fighting!!!",3
YOUNITE,qSLSxZmkDcc,2022-04-20T10:37:22Z,@chaeyzns,O Kyungmun &lt;333,1
YOUNITE,qSLSxZmkDcc,2022-04-20T10:35:34Z,@LDTJK11,❤️❤️❤️❤️👍👍👍👍👍,1
YOUNITE,qSLSxZmkDcc,2022-04-20T10:35:02Z,@fashaputrapratama6910,CONGRATSSSS 🥺🥺,1
YOUNITE,qSLSxZmkDcc,2022-04-20T10:34:56Z,@tanskpopp8232,Mới khúc nhạc dạo đầu thấy gióng giống bài nào rùi íii,1
YOUNITE,qSLSxZmkDcc,2022-04-20T10:34:50Z,@S02e,"데뷔 축하해 아기들🥺🥺 노래 너무너무 좋다 귀여워,,, 오래보자🫶💓💓",1
YOUNITE,qSLSxZmkDcc,2022-04-20T10:34:12Z,@juli442-,🥳,1
YOUNITE,qSLSxZmkDcc,2022-04-20T10:33:41Z,@chaeyzns,Tá tão lindo,5
YOUNITE,qSLSxZmkDcc,2022-04-20T10:33:33Z,@aikanabisha,Congratulations for your re-debut eunsangieee,1
YOUNITE,qSLSxZmkDcc,2022-04-20T10:30:31Z,@soft__lonely8007,AWWWW SO CUTE,1
YOUNITE,qSLSxZmkDcc,2022-04-20T10:29:58Z,@saramamic,cutest debut ever!!,1
YOUNITE,qSLSxZmkDcc,2022-04-20T10:29:33Z,@foreverwithgfriendizoneand5628,"Congratulations on your third debut, Eunsang!! You deserve so much love!!",0
YOUNITE,qSLSxZmkDcc,2022-04-20T10:28:47Z,@wvvrdz,This debut is in another level!!! I love it! ♡,1
YOUNITE,qSLSxZmkDcc,2022-04-20T10:28:04Z,@이지영-z4i,데이야 최고다 멋있다,1
YOUNITE,qSLSxZmkDcc,2022-04-20T10:28:02Z,@Hcmkl,데뷔 넘 죽하해요 은상아!! 우리 리더 은상이 화이팅!! 사랑해요 ❤❤❤,1
YOUNITE,qSLSxZmkDcc,2022-04-20T10:27:57Z,@merriame0612,"So cute and refreshing, for sure I&#39;ll listen to this song a lot!",1
YOUNITE,qSLSxZmkDcc,2022-04-20T10:27:53Z,@lama3667,Omgggg,1
YOUNITE,qSLSxZmkDcc,2022-04-20T10:27:47Z,@lama3667,Sjsjsjsjjs,1
YOUNITE,qSLSxZmkDcc,2022-04-20T10:27:40Z,@lama3667,ببكيي,1
YOUNITE,qSLSxZmkDcc,2022-04-20T10:27:22Z,@idk143_,Congratulations on your debut dear younite.......WE LOVE YOU YOUNITE,2
YOUNITE,qSLSxZmkDcc,2022-04-20T10:27:01Z,@phuongngoc8088,Lee Eunsang ❤️,1
YOUNITE,qSLSxZmkDcc,2022-04-20T10:26:49Z,@thewylde__,Congratulations 🎀,0
YOUNITE,qSLSxZmkDcc,2022-04-20T10:26:23Z,@heaven7575,"Congratulations for your debut, Boys! ❤️❤️",2
YOUNITE,qSLSxZmkDcc,2022-04-20T10:26:01Z,@sunshinestay5729,데뷔 축하해 !🤍,0
YOUNITE,qSLSxZmkDcc,2022-04-20T10:25:11Z,@fromvelvets3985,congratulations on your debut younite !!!!,1
YOUNITE,qSLSxZmkDcc,2022-04-20T10:25:09Z,@reniavyzani5373,헐 대박... 미쳤다 미쳤어. 유나이트 수고많았어요!! 데뷔 너무 축하해 !! 앨범 너무 좋아!! 항상 응원합니다!!!!,1
YOUNITE,qSLSxZmkDcc,2022-04-20T10:25:00Z,@minyoon5029,Me encanta...,2
YOUNITE,qSLSxZmkDcc,2022-04-20T10:24:44Z,@Pもちょ,デビューおめでとう！,1
YOUNITE,qSLSxZmkDcc,2022-04-20T10:24:20Z,@stephaniemiguel7382,Congratulations youniteeeee,2
YOUNITE,qSLSxZmkDcc,2022-04-20T10:23:38Z,@bikssssq,eunsang and younite u are doing well guys🤍🤍,1
YOUNITE,qSLSxZmkDcc,2022-04-20T10:23:27Z,@yumasdiary,Congratulations eunsang my bias since X1 congratulations to your debut guys,1
YOUNITE,qSLSxZmkDcc,2022-04-20T10:23:18Z,@bikssssq,ынсан жанм мой поздравляю тебя с дебютом💓,1
YOUNITE,qSLSxZmkDcc,2022-04-20T10:20:51Z,@moonkore4844,1 of 9 is the new entry in my favorite song list,1
YOUNITE,qSLSxZmkDcc,2022-04-20T10:20:44Z,@rehanaparvin9052,Congratulations boys,1
YOUNITE,qSLSxZmkDcc,2022-04-20T10:20:40Z,@cindylee3875,Congrats YOUNITE 💗💐,7
YOUNITE,qSLSxZmkDcc,2022-04-20T10:19:39Z,@moonkore4844,"THE MV, THE SONG, THE PERFORMANCE ARE SOO GOOD !!!",2
YOUNITE,qSLSxZmkDcc,2022-04-20T10:18:59Z,@anni_hlm698,This is such an amazing debut ! Hope you’ll stay with us for a looonnnggg time 💖,2
YOUNITE,qSLSxZmkDcc,2022-04-20T10:18:56Z,@미미-w7m,🖤🖤🖤,1
YOUNITE,qSLSxZmkDcc,2022-04-20T10:17:40Z,@나나회,congratulations on your debut cutiesssss,1
YOUNITE,qSLSxZmkDcc,2022-04-20T10:16:30Z,@gianguyen3209,My sweet boy Eungie finally debuted 🥰 Always by your side &lt;3,1
YOUNITE,qSLSxZmkDcc,2022-04-20T10:15:48Z,@calinda4003,waited patiently and it&#39;s finally here 🫂 loved this so much,2
YOUNITE,qSLSxZmkDcc,2022-04-20T10:15:45Z,@h.x1558,새로운모습으로 다시 시작하는 우리은상이 너무너무 응원하고 유나이트모든분들 데뷔 축하드려요,6
YOUNITE,qSLSxZmkDcc,2022-04-20T10:15:39Z,@rainboworldstan,"Congratulations, YOUNITE on your debut!",2
YOUNITE,qSLSxZmkDcc,2022-04-20T10:15:39Z,@haya2061,تجننن,1
YOUNITE,qSLSxZmkDcc,2022-04-20T10:15:22Z,@rainboworldstan,"As expected, this is a bop!",3
YOUNITE,qSLSxZmkDcc,2022-04-20T10:15:19Z,@2708i,so cute,1
YOUNITE,qSLSxZmkDcc,2022-04-20T10:15:13Z,@anr4568,Congratulations on your debut Eunsang YOUNITE..Hwaiting From Else♡,2
YOUNITE,qSLSxZmkDcc,2022-04-20T10:14:32Z,@lovethevoidd,im so happy they were able to debut!!! ♡,1
YOUNITE,qSLSxZmkDcc,2022-04-20T10:14:29Z,@mino6249,"I&#39;ve been waiting a long time for their debut, they&#39;re doing great",2
YOUNITE,qSLSxZmkDcc,2022-04-20T10:14:15Z,@juliettasiskad1831,EUNSANG EUNSANG EUNSANG EUNSANG,1
YOUNITE,qSLSxZmkDcc,2022-04-20T10:13:46Z,@tsiontarekuetesfaye9006,Congratulations on debut 😄❤,3
YOUNITE,qSLSxZmkDcc,2022-04-20T10:13:39Z,@choyiseo9486,데뷔 축하해!!,1
YOUNITE,qSLSxZmkDcc,2022-04-20T10:13:35Z,@myeunsangromance5334,congrats on your debut younite!!! 💘💘,0
YOUNITE,qSLSxZmkDcc,2022-04-20T10:13:29Z,@mino6249,I love,1
YOUNITE,qSLSxZmkDcc,2022-04-20T10:13:24Z,@myeunsangromance5334,the visual of the mv is so beautiful,0
YOUNITE,qSLSxZmkDcc,2022-04-20T10:13:17Z,@0opsy_,Eunsangggg congratss babyy,1
YOUNITE,qSLSxZmkDcc,2022-04-20T10:13:12Z,@myeunsangromance5334,i love their vocals,0
YOUNITE,qSLSxZmkDcc,2022-04-20T10:13:11Z,@TheMomometa,congrats on your debut Younite!!,1
YOUNITE,qSLSxZmkDcc,2022-04-20T10:13:02Z,@myeunsangromance5334,they look cute,0
YOUNITE,qSLSxZmkDcc,2022-04-20T10:12:55Z,@myeunsangromance5334,they look soft,0
YOUNITE,qSLSxZmkDcc,2022-04-20T10:12:48Z,@myeunsangromance5334,everything is so pretty and amazing,0
YOUNITE,qSLSxZmkDcc,2022-04-20T10:12:38Z,@One3cq,유나이트 데뷔 축하해요ㅠㅠ,0
YOUNITE,qSLSxZmkDcc,2022-04-20T10:12:37Z,@myeunsangromance5334,this is so good 😭,0
YOUNITE,qSLSxZmkDcc,2022-04-20T10:12:32Z,@viaflower1652,"good song, i like it!",0
YOUNITE,qSLSxZmkDcc,2022-04-20T10:12:00Z,@viaflower1652,woono &lt;3,0
YOUNITE,qSLSxZmkDcc,2022-04-20T10:10:49Z,@drinkningboba,Congratulations boys!!! &lt;3,0
YOUNITE,qSLSxZmkDcc,2022-04-20T10:09:43Z,@minami_n,うんさん😭😭😭😭😭😭😭,0
YOUNITE,qSLSxZmkDcc,2022-04-20T10:08:56Z,@aliced1041,Eunsang is god🥹🥹🥹,0
YOUNITE,qSLSxZmkDcc,2022-04-20T10:08:46Z,@widyahanifah5043,"Aaa finally,, congratulations fot your debut boys&lt;3 Fighting!!!",0
YOUNITE,qSLSxZmkDcc,2022-04-20T10:06:54Z,@winnie3gem804,Chico de cabello rojo me gustas :&quot;,0
YOUNITE,qSLSxZmkDcc,2022-04-20T10:06:21Z,@EarlGreyBoba,I wasn&#39;t expecting to encounter another group during their debut era! This time I will make sure to actually follow them rather than sleep on them for 2-3 comebacks! Song is perfect for the Feel Good Vibes playlist I have been working on recently (ღˇ◡ˇ*)♡,3
YOUNITE,qSLSxZmkDcc,2022-04-20T10:06:18Z,@limdanib,은상아 너무 사랑해 ㅠㅠㅠㅠㅠ 너무 이뻐어어어,1
YOUNITE,qSLSxZmkDcc,2022-04-20T10:05:51Z,@Weiwei5701x,은상아 수고했어 ㅠㅠ 유나이트 데뷔 축하애용,1
YOUNITE,qSLSxZmkDcc,2022-04-20T10:05:21Z,@hyeonxy,selamat buat debutnya kak kyungmun❣️ congrats younite!! semoga sukses kedepannya~,1
YOUNITE,qSLSxZmkDcc,2022-04-20T10:05:18Z,@trmybabys,"дякую за те, що ви є &lt;3",1
YOUNITE,qSLSxZmkDcc,2022-04-20T10:05:16Z,@winnie3gem804,YOUNITE FIGHTING &lt;3,2
YOUNITE,qSLSxZmkDcc,2022-04-20T10:04:01Z,@hali8520,congrats on your debut YOUNITE and Eunsang !!!,2
YOUNITE,qSLSxZmkDcc,2022-04-20T10:03:43Z,@sunoooo1534,Lee eunsang third debut i always support you,1
YOUNITE,qSLSxZmkDcc,2022-04-20T10:03:24Z,@LoiNguyen-xq2gj,"Tuyệt vời ông mặt trời Younite oiwiii, Mv xinh xẻo đáng yêu, nhạc cũng hay nữaaa",1
YOUNITE,qSLSxZmkDcc,2022-04-20T10:03:10Z,@ddeungwooyaa,congratulation Younite for your debut! Good luck for your debut and days ahead!! best wishes to you^^,2
YOUNITE,qSLSxZmkDcc,2022-04-20T10:02:54Z,@everywonuh,CONGRATS ON DEBUT YOUNITE&lt;333,0
YOUNITE,qSLSxZmkDcc,2022-04-20T10:02:52Z,@mimosa3167,Congrats on your debut Younite!!,0
YOUNITE,qSLSxZmkDcc,2022-04-20T10:02:28Z,@zxnzxn,"Eunsang, 3rd debut 😭😭😭😭 congratulations bebi!!! 😭 I&#39;m so proud of you!!",0
YOUNITE,qSLSxZmkDcc,2022-04-20T10:02:26Z,@のと-b4j,あああかわいすぎる🤍🤍🤍 アルバムが届くのが待ち遠しい🥺,0
YOUNITE,qSLSxZmkDcc,2022-04-20T10:02:10Z,@woo461,Congratulations on your debut younite!! &lt;3&lt;3,0
YOUNITE,qSLSxZmkDcc,2022-04-20T10:01:27Z,@GrowlingPanda,"FINALLY, MY BOY!!! A hole in my heart has finally been filled after 2 years!!! Younite fighting, please become famous!!! &lt;3",1
YOUNITE,qSLSxZmkDcc,2022-04-20T10:01:27Z,@Soso-wn4yc,لطيفيين 😭,0
YOUNITE,qSLSxZmkDcc,2022-04-20T10:01:19Z,@woo461,They are soooooo cute &lt;3,0
YOUNITE,qSLSxZmkDcc,2022-04-20T10:01:16Z,@Aleezay82,Congrats on your Debut Younite ❤ You all did a great job. The Song is Amazing and everyone is looking so cute 😍,2
YOUNITE,qSLSxZmkDcc,2022-04-20T10:00:20Z,@bbbbfl,yeyyy,0
YOUNITE,qSLSxZmkDcc,2022-04-20T10:00:07Z,@lellyiryani3042,"I really like the song and they also have a distinctive visual, I also don&#39;t forget to congratulate you on the debut of &quot;YOUNITE&quot; 😆💖",9
YOUNITE,qSLSxZmkDcc,2022-04-20T10:00:05Z,@kim_min_kou,정말 아름다운 뮤직비디오✨♥️,1
YOUNITE,qSLSxZmkDcc,2022-04-20T09:59:44Z,@phiyadasuriyasri7202,Congratulations !!!,0
YOUNITE,qSLSxZmkDcc,2022-04-20T09:59:37Z,@heeheefilms,Congrats you debut boyss wish u luck in your future too!!,0
YOUNITE,qSLSxZmkDcc,2022-04-20T09:59:28Z,@ddaisy7241,congratulations for your debut!,0
YOUNITE,qSLSxZmkDcc,2022-04-20T09:59:19Z,@phiyadasuriyasri7202,good song,0
YOUNITE,qSLSxZmkDcc,2022-04-20T09:58:30Z,@doeunhobbuu,"the set, the dress, the choreo was just PERFECT massive chef kiss*",1
YOUNITE,qSLSxZmkDcc,2022-04-20T09:58:15Z,@chocomlik2055,Congrats 🎉🎉,0
YOUNITE,qSLSxZmkDcc,2022-04-20T09:57:28Z,@mollymcnaughton663,Now if only I could find them on Apple Music. I love this group!,0
YOUNITE,qSLSxZmkDcc,2022-04-20T09:57:00Z,@user-daisye,유나이트 데뷔 너무 축하하고 뮤비도 너무 귀엽고 멋지다♡♡♡ 은호.스티브.현승.은상.형석.우노.데이.경문.시온오빠♡😍,0
YOUNITE,qSLSxZmkDcc,2022-04-20T09:56:34Z,@apriljeanneproel4987,The song is surely addictive and very fresh! Congratulations Younite!,0
YOUNITE,qSLSxZmkDcc,2022-04-20T09:56:16Z,@apriljeanneproel4987,Please support Younite!,0
YOUNITE,qSLSxZmkDcc,2022-04-20T09:55:33Z,@lananhtran1423,Eunsanggggg we miss you 🌸,0
YOUNITE,qSLSxZmkDcc,2022-04-20T09:55:25Z,@apriljeanneproel4987,Happy debut Lee Eunsang! I&#39;m more than proud of you. Ilysm and good luck to you and Younite!,0
YOUNITE,qSLSxZmkDcc,2022-04-20T09:54:25Z,@Matetsu95,Eunsang. Congratulations for your debut ❤️,0
YOUNITE,qSLSxZmkDcc,2022-04-20T09:53:09Z,@rayannacristina7696,Parabéns pelo debut meninos,0
YOUNITE,qSLSxZmkDcc,2022-04-20T09:53:04Z,@Lele_luxlix,Great song. You did so well. I&#39;m in love with this concept.,0
YOUNITE,qSLSxZmkDcc,2022-04-20T09:52:33Z,@foundingtitan7,Congrats and all the best for future 💜,3
YOUNITE,qSLSxZmkDcc,2022-04-20T09:52:02Z,@bangchanspeaches9822,U GUYS DID SO WELL,1
YOUNITE,qSLSxZmkDcc,2022-04-20T09:51:46Z,@bangchanspeaches9822,OMGGGG,1
YOUNITE,qSLSxZmkDcc,2022-04-20T09:51:43Z,@getyoursmin,Congrats everyone~~~,1
YOUNITE,qSLSxZmkDcc,2022-04-20T09:51:42Z,@honeyhoney2200,Congratulations on your debut YOUNITE ❤❤️,0
YOUNITE,qSLSxZmkDcc,2022-04-20T09:51:08Z,@uyentrannguyentu9229,Chúc bé Sang của Bảo Lợi debut thành công cùng YOUNITE nhooooooo 🌷🌷,1
YOUNITE,qSLSxZmkDcc,2022-04-20T09:50:57Z,@noorsaidah7580,"Selamat sayang sayangkuuu!! Semoga debutnua sukses, aamiin",1
YOUNITE,qSLSxZmkDcc,2022-04-20T09:50:53Z,@allisongil627,"I love the song, congratulations for your debut 💖",0
YOUNITE,qSLSxZmkDcc,2022-04-20T09:50:48Z,@irislay614,애들이 데뷔 축하해.!,0
YOUNITE,qSLSxZmkDcc,2022-04-20T09:50:18Z,@uyentrannguyentu9229,Happy debut YOUNITE 💯🌸,1
YOUNITE,qSLSxZmkDcc,2022-04-20T09:50:05Z,@ginger491,Congrats on your debut our alpaca boy a.k.a kyungmun!!,0
YOUNITE,qSLSxZmkDcc,2022-04-20T09:49:13Z,@FilippaLarsenn,Congratulations on the debut boys!!!,0
YOUNITE,qSLSxZmkDcc,2022-04-20T09:48:52Z,@kittim6a,อึนซึงอา😭😭มายเบบี้,1
YOUNITE,qSLSxZmkDcc,2022-04-20T09:48:38Z,@rennf71,Congrats on your debut!!,0
YOUNITE,qSLSxZmkDcc,2022-04-20T09:48:30Z,@stand-crunchtenhypenorsantahat,SLAYYY,0
YOUNITE,qSLSxZmkDcc,2022-04-20T09:48:21Z,@CATH0923,The second one who sang has a good tone of voice,1
YOUNITE,qSLSxZmkDcc,2022-04-20T09:48:16Z,@말랑아기강아지,꺅!!!! 노래 너무 좋다!! 얘들아 데뷔 축하해~!~!,0
YOUNITE,qSLSxZmkDcc,2022-04-20T09:48:12Z,@아라이리,데뷔 축하해요 노래는 잘 들어가요 ❤️,0
YOUNITE,qSLSxZmkDcc,2022-04-20T09:48:05Z,@kimsang2077,Luv this song🥰💜❤️,3
YOUNITE,qSLSxZmkDcc,2022-04-20T09:48:04Z,@princessmhaemusa2654,Proud to be a YOUNIZ of YOUNITE ☺️,0
YOUNITE,qSLSxZmkDcc,2022-04-20T09:47:58Z,@aikocutiepatootie,CONGRATULATIONS ON YOUR DEBUT YOUNITE ❤🍾🎈🎉🎊,0
YOUNITE,qSLSxZmkDcc,2022-04-20T09:47:51Z,@polaris1026,All of you are so talented! Congratulations Younite and Younizzz,0
YOUNITE,qSLSxZmkDcc,2022-04-20T09:47:50Z,@minyoon5029,Una obra de arte....,2
YOUNITE,qSLSxZmkDcc,2022-04-20T09:47:16Z,@아이돌영어쌤티파니,잘한다 잘한다❤❤❤ 유나이트와 함께하면 기분이 좋아❤❤,1
YOUNITE,qSLSxZmkDcc,2022-04-20T09:47:11Z,@달미-l5b,"아니,, 기대 이상으로 좋잖아,, ??? 🥺👍",0
YOUNITE,qSLSxZmkDcc,2022-04-20T09:47:10Z,@lalabye00,Let’s go YOUNITE 💖,1
YOUNITE,qSLSxZmkDcc,2022-04-20T09:46:47Z,@princessmhaemusa2654,Congratulations guys 🎉🎉,0
YOUNITE,qSLSxZmkDcc,2022-04-20T09:46:43Z,@whitebearsweet,"YOUNITE vocals and charisma is making everyone falling in love with them, happy debut",52
YOUNITE,qSLSxZmkDcc,2022-04-20T09:46:20Z,@besspark8052,짱나이트 ㄷㅐ박나자!!!!!!!!!!!!!!!!!!!!!!!!!!!!!!!!!!!!!!!!!!!!!!!!!!!!!!!!!!!!!!!!!!!!!!!!,1
YOUNITE,qSLSxZmkDcc,2022-04-20T09:45:46Z,@alessandramorada6261,1 of 9 i choose you all!!!!!!!!!!💙💙💙💙💙💙,0
YOUNITE,qSLSxZmkDcc,2022-04-20T09:45:21Z,@parting04,I love the concept and the vibe of this song. Congrats on your debut !,0
YOUNITE,qSLSxZmkDcc,2022-04-20T09:44:57Z,@Victoria-yv6rv,"Congratulations on your debut, I’m so happy to see you debut. Fighting!!",0
YOUNITE,qSLSxZmkDcc,2022-04-20T09:44:07Z,@luccspereira,amei,0
YOUNITE,qSLSxZmkDcc,2022-04-20T09:44:00Z,@louise3630,Refreshing debut I love that❤,0
YOUNITE,qSLSxZmkDcc,2022-04-20T09:43:59Z,@phanvthylinhk33tinthptchuy5,&quot;1 of 9&quot;. Can i choose all of them :3,0
YOUNITE,qSLSxZmkDcc,2022-04-20T09:43:02Z,@Niiishua,Waahh....Their visuals are rly refreshing ☺🌸,1
YOUNITE,qSLSxZmkDcc,2022-04-20T09:42:34Z,@minisang0293,💖💖💖💖💖💖💖💖💖,0
YOUNITE,qSLSxZmkDcc,2022-04-20T09:42:32Z,@sitiamelia6863,SO COOL!! LOVE THIS SO MUCH&lt;3,0
YOUNITE,qSLSxZmkDcc,2022-04-20T09:42:27Z,@izone2562,"Aku suka lagunya dan visual tiap member, aku hanya mengetahui eunsang, kedepannya aku akan lebih mencari tahu lagi. Fighting younite",0
YOUNITE,qSLSxZmkDcc,2022-04-20T09:42:02Z,@nanoni3475,Love this concept so much all of them look so good in the mv it looks like they had so much fun filming it and don‘t get me started on the visuals vocals dancing and rapping!!!!!! This is such a good debut song!! You all did really good I‘m so proud,3
YOUNITE,qSLSxZmkDcc,2022-04-20T09:41:44Z,@seungshine12613,This song is so sweet 😍 congratulations on your debut guys 🎉,0
YOUNITE,qSLSxZmkDcc,2022-04-20T09:41:41Z,@itaitayo,KYUNGMUNN MY LOVE,0
YOUNITE,qSLSxZmkDcc,2022-04-20T09:41:28Z,@jinriouh,Congratulations for your debut younite!!🤍,0
YOUNITE,qSLSxZmkDcc,2022-04-20T09:41:22Z,@りんね-e4v,YOUNITE🎈ᕼᗩᑭᑭY ᗷIᖇTᕼᗞᗩY 🎈,0
YOUNITE,qSLSxZmkDcc,2022-04-20T09:40:38Z,@りんね-e4v,デビューおめでとう😊🎉👏,0
YOUNITE,qSLSxZmkDcc,2022-04-20T09:40:20Z,@honeyyyybees,such a good debut! 💖,0
YOUNITE,qSLSxZmkDcc,2022-04-20T09:39:49Z,@りんね-e4v,すごい癒されたよ〜！！ みんな可愛い！！たくさん聴くね！,0
YOUNITE,qSLSxZmkDcc,2022-04-20T09:39:04Z,@husnaaina6480,congrats on your debut guyss!!!,0
YOUNITE,qSLSxZmkDcc,2022-04-20T09:39:04Z,@Kayllahnifa,congrats on your debut guys🥳💐🦋❤💪,0
YOUNITE,qSLSxZmkDcc,2022-04-20T09:38:59Z,@izvtmeow,MY WOONO ILY,0
YOUNITE,qSLSxZmkDcc,2022-04-20T09:38:53Z,@izvtmeow,Congrats on your redebut eunsanggg proud of uu!!,0
YOUNITE,qSLSxZmkDcc,2022-04-20T09:38:50Z,@hilaryaiskha9889,congrats for ur debut 🥰,0
YOUNITE,qSLSxZmkDcc,2022-04-20T09:38:45Z,@peachflower5118,"Congratulations for your debut, Younite!!!!!",0
YOUNITE,qSLSxZmkDcc,2022-04-20T09:38:32Z,@reikoulii,Lucuuuu bangett MV nyaaa &lt;3,0
YOUNITE,qSLSxZmkDcc,2022-04-20T09:38:32Z,@yemimatheofelia,CONGRATS FOR UR DEBUT GUYS,0
YOUNITE,qSLSxZmkDcc,2022-04-20T09:38:25Z,@underthesameskyy,"congrats on debuting, younite!!",11
YOUNITE,qSLSxZmkDcc,2022-04-20T09:38:18Z,@anakasmiati1405,Hope your debut will successful 🎉,0
YOUNITE,qSLSxZmkDcc,2022-04-20T09:38:08Z,@클래스y,멋져,0
YOUNITE,qSLSxZmkDcc,2022-04-20T09:37:59Z,@클래스y,모두 사랑해요!!!,0
YOUNITE,qSLSxZmkDcc,2022-04-20T09:37:54Z,@haechankiyowok,congratulations for your debut younite!! OMG,0
YOUNITE,qSLSxZmkDcc,2022-04-20T09:37:47Z,@soyongdori_,this is so cute!!! congratulations for you debut everybody!!!,0
YOUNITE,qSLSxZmkDcc,2022-04-20T09:37:30Z,@solace2852,CONGRATULATIONS TO YOUR DEBUT YOUNITE!!! LET&#39;S GO!!,0
YOUNITE,qSLSxZmkDcc,2022-04-20T09:37:25Z,@abnew9980,Happy debut day &lt;3,0
YOUNITE,qSLSxZmkDcc,2022-04-20T09:37:22Z,@bangchanspokemon,ive know kpop for a year now.... and by far in my knowledge younite is the first grp tht ive seen officially releasing music rocking the industry and then debuting with another beautiful composition,3
YOUNITE,qSLSxZmkDcc,2022-04-20T09:37:09Z,@solace2852,"how could i choose 1 of 9 if you all are so good &gt;,&lt; ackkk",0
YOUNITE,qSLSxZmkDcc,2022-04-20T09:36:42Z,@springrain_4,LEADERS: EUNHO &amp; EUNSANG revealed today,0
YOUNITE,qSLSxZmkDcc,2022-04-20T09:36:39Z,@ryan.h9096,Pink hair on eunsang 🥰,0
YOUNITE,qSLSxZmkDcc,2022-04-20T09:36:34Z,@yeppi6xskz395,유나이트 데뷔 축하해! 그 노래가 너무 좋아! 유나이트 화이팅!!,1
YOUNITE,qSLSxZmkDcc,2022-04-20T09:36:34Z,@최유정-z5v,드디어 데뷔ㅜㅜ 축하해🤍,0
YOUNITE,qSLSxZmkDcc,2022-04-20T09:36:28Z,@diraaprilia6127,Congratulations for your debut younite!!,0
YOUNITE,qSLSxZmkDcc,2022-04-20T09:36:11Z,@taesansmovingcastle,congratulations on your debut babes !!! i&#39;m already in love with the vibe of the song and mv!! you guys are ADORABLEEE &gt;&lt; ♡♡♡ YOUNITE 화이팅 !,0
YOUNITE,qSLSxZmkDcc,2022-04-20T09:35:58Z,@kkocibloom2293,"Eunsang&#39;s debut with his new family, I&#39;m so happy! YOUNITE fighting! NIA here~",1
YOUNITE,qSLSxZmkDcc,2022-04-20T09:35:41Z,@alyason8497,"Omg congrats to your debut, my younite",0
YOUNITE,qSLSxZmkDcc,2022-04-20T09:35:37Z,@tututhuha245,Chúc mừng debut lần thứ 3 Eunsang ahhhh,0
YOUNITE,qSLSxZmkDcc,2022-04-20T09:35:26Z,@nuarisulamsari2231,유나이트 데뷔를 축하합니당💙,0
YOUNITE,qSLSxZmkDcc,2022-04-20T09:34:52Z,@이금상-w2o,유나이트 데뷔 너무 너무 축하해 앞으로 유나이트의 꿈을 마음껏 펼칠 수 있도록 유니즈가 유나이트 많이 사랑할게!!❤❤,80
YOUNITE,qSLSxZmkDcc,2022-04-20T09:34:35Z,@ovelotus,حبيت ترا اغنيتكم تجننننن,1
YOUNITE,qSLSxZmkDcc,2022-04-20T09:34:22Z,@xeunshyan10,Happy debut!!,1
YOUNITE,qSLSxZmkDcc,2022-04-20T09:34:19Z,@zaiteiihmar3783,❤️❤️❤️,1
YOUNITE,qSLSxZmkDcc,2022-04-20T09:34:18Z,@k33itctq52,"Congratulations on your debut, Younite!!!!!",1
YOUNITE,qSLSxZmkDcc,2022-04-20T09:33:53Z,@mynameis29942,Congratulations on your debut our eunsang ~🌸 you have done a vvv great job !! proud of u 🫶🏻,3
YOUNITE,qSLSxZmkDcc,2022-04-20T09:33:35Z,@balmesmaricars.5611,Congrats on your debut💞💞,3
YOUNITE,qSLSxZmkDcc,2022-04-20T09:33:34Z,@lacan18,Congratulations on your DEBUT!!! Let&#39;s enjoy this promotion together Younite and Youniz,5
YOUNITE,qSLSxZmkDcc,2022-04-20T09:32:21Z,@leeheeseunglover2001,will be looking forward to your next comeback!!!,1
YOUNITE,qSLSxZmkDcc,2022-04-20T09:32:04Z,@leeheeseunglover2001,Congratulation on your debut YOUNITE!!,2
YOUNITE,qSLSxZmkDcc,2022-04-20T09:31:46Z,@leeheeseunglover2001,amazing!!,1
YOUNITE,qSLSxZmkDcc,2022-04-20T09:31:44Z,@alieynie9827,¡Me encanta!,2
YOUNITE,qSLSxZmkDcc,2022-04-20T09:31:33Z,@1tmf758,은상아 유나이트와 함께 행복한 일만 있길 바래,1
YOUNITE,qSLSxZmkDcc,2022-04-20T09:31:25Z,@mashidam2804,congrats on your debut YOUNITE♥♥,0
YOUNITE,qSLSxZmkDcc,2022-04-20T09:31:19Z,@MMM-pz8wo,Congratulations for you’re debut!!! ♡︎,0
YOUNITE,qSLSxZmkDcc,2022-04-20T09:31:14Z,@lalalal940,"Так и знала, что медведь всех выберет!!!!! 🐻Эти мальчики просто чудо. Никак не могу налюбоваться ими. Ну типа, вы просто супер, класс!!!!!!!💞💞",33
YOUNITE,qSLSxZmkDcc,2022-04-20T09:31:06Z,@user-nu3go1op9l,Congratulations on your debut babies you&#39;ve worked so hard &lt;3,0
YOUNITE,qSLSxZmkDcc,2022-04-20T09:31:01Z,@wolfik143,Felicidades por tu debut YOUNITE 💖,18
YOUNITE,qSLSxZmkDcc,2022-04-20T09:30:35Z,@Nonamenoface974,the blonde mullet dude has stolen MY HEART,2
YOUNITE,qSLSxZmkDcc,2022-04-20T09:30:33Z,@rizkyaningrum4205,Younite.. selamat debutnya 👍👍👍👍,4
YOUNITE,qSLSxZmkDcc,2022-04-20T09:30:29Z,@Lilly-xm9cz,"i’m so happy to have a debut song from a 4th gen boy group that isn’t just metal noise anyway they did great, i love the song:)",32
YOUNITE,qSLSxZmkDcc,2022-04-20T09:30:16Z,@filzahhafifah2596,CONGRATZZ BOYSS💜,1
YOUNITE,qSLSxZmkDcc,2022-04-20T09:30:04Z,@sannlexx,"поздравляю парней с дебютом дебют мне очень сильно нравится, вайбовый и ламповый ♡(&gt; ਊ &lt;)♡",42
YOUNITE,qSLSxZmkDcc,2022-04-20T09:29:58Z,@peachy_drink,Congrats on your debut ^^💓,1
YOUNITE,qSLSxZmkDcc,2022-04-20T09:29:37Z,@johnryanrios8005,"I am proud to say I stan BRANDNEWZ since 2020. I am there where 7 boys introduced and sang their first song cover. I patiently waited even on their drought era. Now you debuted as 9 member group &#39;YOUNITE&#39;, I am still here loving, thinking and promoting the team. I&#39;ll be one of the fans who will guide the team into the flowery path. You&#39;re my home and comfort. Keep fighting YOUNITE~",6
YOUNITE,qSLSxZmkDcc,2022-04-20T09:29:28Z,@I83-k7c,เพลงแนวสดใสมาก .ยินดีกับการได้เดบิวต์ของคยองมุน💖,1
YOUNITE,qSLSxZmkDcc,2022-04-20T09:29:17Z,@akasky325,유나이트♥️,1
YOUNITE,qSLSxZmkDcc,2022-04-20T09:29:07Z,@rousrj4149,Esta bonita la canción,1
YOUNITE,qSLSxZmkDcc,2022-04-20T09:28:40Z,@sodamcutie7328,congrats on your debut boys 🥰,1
YOUNITE,qSLSxZmkDcc,2022-04-20T09:28:16Z,@arcsyif,Congratulation for your debut eunsang,1
YOUNITE,qSLSxZmkDcc,2022-04-20T09:28:09Z,@i_dont_pick_my_biases_they6713,This is so refreshing. Congratulations on your debut,1
YOUNITE,qSLSxZmkDcc,2022-04-20T09:28:05Z,@nataowo,Debut is so WOW!,1
YOUNITE,qSLSxZmkDcc,2022-04-20T09:28:03Z,@nnnn-ug2cp,congrats on you debut!!,1
YOUNITE,qSLSxZmkDcc,2022-04-20T09:28:02Z,@bominhanbin,Congratulation on your debut!!,3
YOUNITE,qSLSxZmkDcc,2022-04-20T09:28:00Z,@곰돌이누나,애들아 대뷔 진심으로 축하해요🥳,1
YOUNITE,qSLSxZmkDcc,2022-04-20T09:27:49Z,@springrain_4,im so happy you dont understand,1
YOUNITE,qSLSxZmkDcc,2022-04-20T09:27:35Z,@carnamel1131,EUNSANG FIGHTING! 💗,2
YOUNITE,qSLSxZmkDcc,2022-04-20T09:27:31Z,@littleprikii,Congratulations YOUNITE!!!! I love this song so much!! This concept is very colourful!!! HAPPY DEBUT EUNSANG! HAPPY DEBUT YOUNITE...,14
YOUNITE,qSLSxZmkDcc,2022-04-20T09:27:19Z,@geomgeomi6757,Kim DEY rap the best,3
YOUNITE,qSLSxZmkDcc,2022-04-20T09:27:04Z,@tibztb952,مبروك على ظهوركم الأول يونايت حبايبي وربي اغنيه الترسيم تهببلللل مره حلوه,1
YOUNITE,qSLSxZmkDcc,2022-04-20T09:27:00Z,@nadyong7926,"guys, you are really amazing. congratulations for your debut younite! youniz always here for you are",3
YOUNITE,qSLSxZmkDcc,2022-04-20T09:26:19Z,@foreunsangyounite574,"THEIR VOCALS, THEIR RAPS, THEIR DANCES, THEIR VISUALS, THEIR MV AND EVERYTHING ARE AMAZING",110
YOUNITE,qSLSxZmkDcc,2022-04-20T09:26:13Z,@springrain_4,cutest mv cutest song cutest boys,2
YOUNITE,qSLSxZmkDcc,2022-04-20T09:26:11Z,@daily7165,데뷔 축하해 애드라~,2
YOUNITE,qSLSxZmkDcc,2022-04-20T09:26:01Z,@zeedytiny1372,Denle mucho amor a este grupo:(,4
YOUNITE,qSLSxZmkDcc,2022-04-20T09:25:50Z,@ttnabila1871,Congrats on your debut YOUNITE,75
YOUNITE,qSLSxZmkDcc,2022-04-20T09:25:50Z,@springrain_4,OK BUT RAPPER HYUNGSEOKHXJSHXJSHXJXH WHAT,2
YOUNITE,qSLSxZmkDcc,2022-04-20T09:25:46Z,@hwiing9678,ยินดีกับการเดบิ้วของยูไนท์นะ ขอให้พวกนายประสบความสำเร็จในเส้นทางนี้ ขอให้การเดินทางนี้มีแต่ความสุข ขอให้โลกใบนี้ใจดีกับพวกนายให้เยอะๆ นะ😍,2
YOUNITE,qSLSxZmkDcc,2022-04-20T09:25:43Z,@ДюсеноваАсем,Congrats on your debut!!,4
YOUNITE,qSLSxZmkDcc,2022-04-20T09:25:42Z,@foreunsangyounite574,THE MV OMG I LOVE THE MV SO MUCH 😭,5
YOUNITE,qSLSxZmkDcc,2022-04-20T09:25:32Z,@springrain_4,one one 1 of 9,2
YOUNITE,qSLSxZmkDcc,2022-04-20T09:25:26Z,@foreunsangyounite574,THIS CONCEPT IS SOOOO GOOD,3
YOUNITE,qSLSxZmkDcc,2022-04-20T09:25:24Z,@subaklovr,데뷔 축하해 유나이트,6
YOUNITE,qSLSxZmkDcc,2022-04-20T09:25:22Z,@ДюсеноваАсем,Good song!!,3
YOUNITE,qSLSxZmkDcc,2022-04-20T09:25:19Z,@foreunsangyounite574,I LOVE YOUNITE SO MUCH,3
YOUNITE,qSLSxZmkDcc,2022-04-20T09:25:17Z,@ДюсеноваАсем,"Wow amazing, so beautiful!!",3
YOUNITE,qSLSxZmkDcc,2022-04-20T09:25:16Z,@rodelbetoy6750,Congrats on your Debut YOUNITE fighting!!!❤️🎉 Proud Youniz here!!,2
YOUNITE,qSLSxZmkDcc,2022-04-20T09:25:09Z,@foreunsangyounite574,MY BABIES CONGRATS ON YOUR DEBUT,12
YOUNITE,qSLSxZmkDcc,2022-04-20T09:25:06Z,@springrain_4,EVERYBODY (pun intended) say THANK YOU YOUNITE,2
YOUNITE,qSLSxZmkDcc,2022-04-20T09:25:01Z,@haengb0915,경문아.. 드디어 데뷔했네😢💕💕 데뷔 너무너무 축하한다~~!!! 앞으로도 꽃길만 걷쟈 우리❤️💐✨,2
YOUNITE,qSLSxZmkDcc,2022-04-20T09:24:59Z,@luciarugero3863,This is such a masterpiece omg I loved everything about it! Congrats on your debut &lt;3,6
YOUNITE,qSLSxZmkDcc,2022-04-20T09:24:49Z,@foreunsangyounite574,YOUNITE IS HERE FINALLY,2
YOUNITE,qSLSxZmkDcc,2022-04-20T09:24:39Z,@foreunsangyounite574,FINALLY,2
YOUNITE,qSLSxZmkDcc,2022-04-20T09:24:32Z,@springrain_4,im choosing younite,2
YOUNITE,qSLSxZmkDcc,2022-04-20T09:24:18Z,@springrain_4,CHERRY EUNSANG,1
YOUNITE,qSLSxZmkDcc,2022-04-20T09:24:13Z,@babiesblou2609,THEY ARE THE SOFTEST AND CUTEST,4
YOUNITE,qSLSxZmkDcc,2022-04-20T09:24:09Z,@peachicherish,ยินดีด้วยน้าเด็กๆ🌸✨ เพลงน่ารักมาก ไอเลิ้บคอนเสปสดใส☺️🤍,1
YOUNITE,qSLSxZmkDcc,2022-04-20T09:24:08Z,@user-kx1jl6uo4u,그냥 알고리즘에 떴는데 다들 잘 됬으면 좋겠음..!,1
YOUNITE,qSLSxZmkDcc,2022-04-20T09:24:03Z,@arisx260,ได้กลิ่นความปังๆๆๆๆๆๆ,1
YOUNITE,qSLSxZmkDcc,2022-04-20T09:24:02Z,@alessandramorada6261,CONGRATULATIONS YOUNIIITEEEEEEEEEE💛💙💛💙💛💙💛💙💙💛💙💛💙💛,1
YOUNITE,qSLSxZmkDcc,2022-04-20T09:23:59Z,@springrain_4,ATE THE SOFT CONCEPT,2
YOUNITE,qSLSxZmkDcc,2022-04-20T09:23:53Z,@arisx260,มันปังอ่าาาาาาา,2
YOUNITE,qSLSxZmkDcc,2022-04-20T09:23:51Z,@vewnice,AAAAAAAA,1
YOUNITE,qSLSxZmkDcc,2022-04-20T09:23:50Z,@letsrunandrun_,Eunsangie ❤️,1
YOUNITE,qSLSxZmkDcc,2022-04-20T09:23:46Z,@wayames5116,Wow,4
YOUNITE,qSLSxZmkDcc,2022-04-20T09:23:46Z,@arisx260,ฮื่อออออดีมากกกกกกกก,1
YOUNITE,qSLSxZmkDcc,2022-04-20T09:23:37Z,@saturdateabnew175,Abnew here to support Younite ~,1
YOUNITE,qSLSxZmkDcc,2022-04-20T09:23:37Z,@babiesblou2609,CONGRATS ON YOUR DEBUT YOUNITE,1
YOUNITE,qSLSxZmkDcc,2022-04-20T09:23:27Z,@silviamamo,rapnya enak bgttttttt,0
YOUNITE,qSLSxZmkDcc,2022-04-20T09:23:27Z,@babiesblou2609,YOUNITE SUITS THIS CONCEPT OMG LOVE IT SO MUCH,0
YOUNITE,qSLSxZmkDcc,2022-04-20T09:23:25Z,@afsunoir1978,경문이!!!!! 유나이트 데뷔 축하해요! &lt;3,0
YOUNITE,qSLSxZmkDcc,2022-04-20T09:23:25Z,@urawh,congratssss !! ❤️❤️,0
YOUNITE,qSLSxZmkDcc,2022-04-20T09:23:23Z,@yume8984,💖💖,0
YOUNITE,qSLSxZmkDcc,2022-04-20T09:23:14Z,@celindareyesproductions5243,They slayed!!! So proud of our boys they deserve the world!,14
YOUNITE,qSLSxZmkDcc,2022-04-20T09:23:12Z,@babiesblou2609,THE MV IS SO PRETTY IM NOT LYING,2
YOUNITE,qSLSxZmkDcc,2022-04-20T09:23:05Z,@laviolahae,Congrats debutieee eunsang-siee - woono-sieee kajaaa fighting !!,29
YOUNITE,qSLSxZmkDcc,2022-04-20T09:23:02Z,@silviamamo,one one 1 of 9,0
YOUNITE,qSLSxZmkDcc,2022-04-20T09:23:00Z,@babiesblou2609,everyone is doing well!!!!,2
YOUNITE,qSLSxZmkDcc,2022-04-20T09:22:57Z,@saturdateabnew175,Yeayyyyyy Younite!!!!,1
YOUNITE,qSLSxZmkDcc,2022-04-20T09:22:53Z,@taeya_yaya,Congratulation for your debut Younite🎉🎉🎉💗💗🤗🤗🤗💖💖💖💖,0
YOUNITE,qSLSxZmkDcc,2022-04-20T09:22:52Z,@babiesblou2609,eunsang in pink 😭,1
YOUNITE,qSLSxZmkDcc,2022-04-20T09:22:47Z,@k-popdreamswithyou2161,"YOUNITE DEY and TEMPEST HWARANG hair styles are the same. My goodness, can&#39;t believe they&#39;re both my bias.♥️🤩",2
YOUNITE,qSLSxZmkDcc,2022-04-20T09:22:39Z,@babiesblou2609,YOUNITE OMG SO PRETTY,2
YOUNITE,qSLSxZmkDcc,2022-04-20T09:22:35Z,@silviamamo,younite,1
YOUNITE,qSLSxZmkDcc,2022-04-20T09:22:32Z,@babiesblou2609,WOWWW JUST WOWWW,1
YOUNITE,qSLSxZmkDcc,2022-04-20T09:22:29Z,@silviamamo,😭❤️❤️❤️❤️,1
YOUNITE,qSLSxZmkDcc,2022-04-20T09:22:09Z,@eugeniajordan6931,"Милейший клип!!!! Муня невероятно красивый!!! Но почему ему дали так мало партий??? :( В любом случае я за него очень счастлива! С дебютом, малыш!!!!",85
YOUNITE,qSLSxZmkDcc,2022-04-20T09:21:57Z,@_yanyunn_,😍😍😍大家好棒,0
YOUNITE,qSLSxZmkDcc,2022-04-20T09:21:53Z,@죠리뽕,이은상 핑머... 개쩌러,1
YOUNITE,qSLSxZmkDcc,2022-04-20T09:21:48Z,@sweet.marimo,Congrats boys on your debut!! Wish you guys the best &lt;3,1
YOUNITE,qSLSxZmkDcc,2022-04-20T09:21:46Z,@adji2376,rookie of the year 🔥,0
YOUNITE,qSLSxZmkDcc,2022-04-20T09:21:35Z,@adji2376,congratulations younite on your debut 🔥,0
YOUNITE,qSLSxZmkDcc,2022-04-20T09:21:28Z,@putrirahmawati174,Congratulations on your debut!!,0
YOUNITE,qSLSxZmkDcc,2022-04-20T09:21:24Z,@veuvace,congrats on your debut!,0
YOUNITE,qSLSxZmkDcc,2022-04-20T09:21:13Z,@moni_S2,유나이트 데뷔 축하해 꽃길만 걷자 🫶🏻,0
YOUNITE,qSLSxZmkDcc,2022-04-20T09:21:08Z,@adji2376,i like how they deliver this song and the mv is so nice! they are the only boy group i stan this year. never regret deciding to stan younite 🔥,27
YOUNITE,qSLSxZmkDcc,2022-04-20T09:20:52Z,@silviamamo,LEE EUNSANGGFFFF,0
YOUNITE,qSLSxZmkDcc,2022-04-20T09:20:40Z,@k-popdreamswithyou2161,"Woono is not just handsome, he&#39;s also cute and talented.",0
YOUNITE,qSLSxZmkDcc,2022-04-20T09:20:39Z,@oceaninthesea448,usually i&#39;m not into this type of concept but they slayed it omg,0
YOUNITE,qSLSxZmkDcc,2022-04-20T09:20:38Z,@nabtooru,Congratulations on debuting younite !!!,0
YOUNITE,qSLSxZmkDcc,2022-04-20T09:20:31Z,@silviamamo,EUNSANGGGGGG,0
YOUNITE,qSLSxZmkDcc,2022-04-20T09:20:31Z,@죠리뽕,데뷔 축하해 유나이트!!!!!!!!!!!!!!!!!!!!! 평생 사랑할게 🌸🌸 빨리 앨범... 왔으면 조켓당,7
YOUNITE,qSLSxZmkDcc,2022-04-20T09:20:13Z,@itsseverenLIVE,데뷔 축하해 !! 노래 진짜 좋아하고 뮤비 너무 재밌어요 ... YOUNITE에게 많은 사랑을 보내요 !! 화이팅 !! &lt;33,6
YOUNITE,qSLSxZmkDcc,2022-04-20T09:20:04Z,@thiriwathan2774,유나이트 데뷔 축하해요!!,0
YOUNITE,qSLSxZmkDcc,2022-04-20T09:19:51Z,@lyan.luvhoon738,THE MV AND THIS SONG IS CUTE,0
YOUNITE,qSLSxZmkDcc,2022-04-20T09:19:49Z,@k-popdreamswithyou2161,YOUNITE + YOUNIZ = ♥️,0
YOUNITE,qSLSxZmkDcc,2022-04-20T09:19:43Z,@loveeham2355,Thank you for re-debuting Eunsang. I will always support Younite. Let&#39;s walk on the path full of flowers.❤,5
YOUNITE,qSLSxZmkDcc,2022-04-20T09:19:41Z,@doobidoobap,선배그룹팬이지만 잘되면 좋겠네요ㅠㅠ,0
YOUNITE,qSLSxZmkDcc,2022-04-20T09:19:36Z,@JOYhhhhhhhhhh,Я ждала их дебют два месяца. Ура. Поздравляю,1
YOUNITE,qSLSxZmkDcc,2022-04-20T09:19:28Z,@lyan.luvhoon738,SO CUTE,0
YOUNITE,qSLSxZmkDcc,2022-04-20T09:19:27Z,@lyn5922,"definitely did not disappoint , you guys did amazing !! this is such a cute and nice concept and it fits you guys well . congratulations on your debut , i can’t wait to see your stages !!",0
YOUNITE,qSLSxZmkDcc,2022-04-20T09:19:09Z,@ruatpuiihauzel6765,Congratulation...🥳..and WC😁,0
YOUNITE,qSLSxZmkDcc,2022-04-20T09:19:01Z,@PurpleSoul8,Хороший дэбют. Песня классная) парни прекрасные),5
YOUNITE,qSLSxZmkDcc,2022-04-20T09:18:56Z,@k-popdreamswithyou2161,Wow a cute debut concept again. Added to the list with TEMPEST.,0
YOUNITE,qSLSxZmkDcc,2022-04-20T09:18:39Z,@lyan.luvhoon738,Kyeongmun so adorable,0
YOUNITE,qSLSxZmkDcc,2022-04-20T09:18:29Z,@uni6379,귀엽다💕데뷔 축하해요🤍🤍,0
YOUNITE,qSLSxZmkDcc,2022-04-20T09:18:27Z,@lyan.luvhoon738,Congratulation for your debut y&#39;ll,0
YOUNITE,qSLSxZmkDcc,2022-04-20T09:18:23Z,@mar.z22,I&#39;M SO PROUD 😭😭😭,1
YOUNITE,qSLSxZmkDcc,2022-04-20T09:18:22Z,@internetghoster,IT&#39;S SO CUTEEEEE :&#39;C ♡♡♡♡♡♡♡♡ I love it :c Congrats for your debut!! &lt;3,2
YOUNITE,qSLSxZmkDcc,2022-04-20T09:18:09Z,@lyan.luvhoon738,This song so cute,0
YOUNITE,qSLSxZmkDcc,2022-04-20T09:17:57Z,@mar.z22,YOUNITE ROTY,1
YOUNITE,qSLSxZmkDcc,2022-04-20T09:17:54Z,@k-popdreamswithyou2161,I&#39;m happy to see them enjoying while filming this mv.,30
YOUNITE,qSLSxZmkDcc,2022-04-20T09:17:51Z,@mar.z22,YOUNITE FIGHTING!!!,6
YOUNITE,qSLSxZmkDcc,2022-04-20T09:17:45Z,@ieforever7140,ثاني احله فرقه من بعدي تمبست,0
YOUNITE,qSLSxZmkDcc,2022-04-20T09:17:44Z,@aeririzzler,Congrats on your debut 😍,0
YOUNITE,qSLSxZmkDcc,2022-04-20T09:17:42Z,@mar.z22,my boys are finally debuting😭&lt;3,1
YOUNITE,qSLSxZmkDcc,2022-04-20T09:17:37Z,@anotherkey_,데뷔 축하해요 기다리고 있어요 YOUNITE 우리가 기다리고 기다리던 데뷔 건배,1
YOUNITE,qSLSxZmkDcc,2022-04-20T09:17:34Z,@aeririzzler,Yeyy finallyyyy,0
YOUNITE,qSLSxZmkDcc,2022-04-20T09:17:30Z,@ieforever7140,عشقتكم,0
YOUNITE,qSLSxZmkDcc,2022-04-20T09:17:18Z,@kartikasari2484,Cieee esa debut lagi 😗🥳,1
YOUNITE,qSLSxZmkDcc,2022-04-20T09:17:18Z,@ieforever7140,الأصوات,0
YOUNITE,qSLSxZmkDcc,2022-04-20T09:17:16Z,@les5827,YOUNITE &lt;3,0
YOUNITE,qSLSxZmkDcc,2022-04-20T09:17:13Z,@mar.z22,AHHH,0
YOUNITE,qSLSxZmkDcc,2022-04-20T09:17:10Z,@aeririzzler,omggg yayy congrats on your debut kyungmun 😻,0
YOUNITE,qSLSxZmkDcc,2022-04-20T09:17:09Z,@k-popdreamswithyou2161,The versatility of YOUNITE is unmatched.,0
YOUNITE,qSLSxZmkDcc,2022-04-20T09:17:07Z,@ieforever7140,يونايت تجنننون,0
YOUNITE,qSLSxZmkDcc,2022-04-20T09:17:07Z,@changbininthedark4231,Congrats for your debut Kyungmun,0
YOUNITE,qSLSxZmkDcc,2022-04-20T09:16:57Z,@parita.o_c,อึนซังงงงง❤❤❤❤❤,0
YOUNITE,qSLSxZmkDcc,2022-04-20T09:16:23Z,@sidousang4598,congratulations younite!!!! im proud of y&#39;all!!! ♡♡,1
YOUNITE,qSLSxZmkDcc,2022-04-20T09:16:11Z,@rohankyle,I LOVE YOUNITE SO MUCH🤍,0
YOUNITE,qSLSxZmkDcc,2022-04-20T09:16:07Z,@ray5994,"A literally perfect song, congrats on debuting!!!",4
YOUNITE,qSLSxZmkDcc,2022-04-20T09:16:07Z,@ieforever7140,أزواج نجمه,0
YOUNITE,qSLSxZmkDcc,2022-04-20T09:15:57Z,@vityrai3473,CONGRATSSS ON YOUR DEBUT YOUNITE!!!!!!,0
YOUNITE,qSLSxZmkDcc,2022-04-20T09:15:53Z,@花恋-y1r,ウンサン〜😍カッコイイ！可愛い！大好き！！,0
YOUNITE,qSLSxZmkDcc,2022-04-20T09:15:50Z,@sidousang4598,this song is so addictive!!!!,0
YOUNITE,qSLSxZmkDcc,2022-04-20T09:15:46Z,@ieforever7140,تجننننن حرفين ادمانننن,0
YOUNITE,qSLSxZmkDcc,2022-04-20T09:15:17Z,@bhumika4364,CONGRATS ON YOUR DEBUT U ALL DID WELL &lt;33,3
YOUNITE,qSLSxZmkDcc,2022-04-20T09:15:08Z,@dindayunitata3736,Selamat atas debutnya younite♡,0
YOUNITE,qSLSxZmkDcc,2022-04-20T09:15:00Z,@mypriki5212,Congratulations my boys this song is good and i love the rap ❤️❤️❤️,1
YOUNITE,qSLSxZmkDcc,2022-04-20T09:14:55Z,@viratamaradevina511,CONGRATULATIONS FOR YOUR DEBUT EUNSANG-iieeee,0
YOUNITE,qSLSxZmkDcc,2022-04-20T09:14:46Z,@ninjin_kpop,이 아이들을 잘 지켜주세요!!! 브랜뉴님 제발 일본어 전액을 해주세요ㅠㅠ (日本語字幕まじでお願いしますブレンニュ様) 은상이가 이번에는 정말 행복하고 안심하고 활동할 수 있게 기원해요. 은상 파이팅! 유나이트 파이팅!,0
YOUNITE,qSLSxZmkDcc,2022-04-20T09:14:05Z,@aftermoon9021,Kyungmun🥺🤍Finally debut👏👏,0
YOUNITE,qSLSxZmkDcc,2022-04-20T09:13:38Z,@도영09-m,"데뷔 축하하고 YOUNITE~함께 좋은 기억만 만들어자~ 데뷔 노래 완전 좋아! 가사가 예쁘고, 비주얼도 예쁘고, 영상도 멋있고, 분위기도 멋있어요! YOUNITE는 이미 완벽해 보인구나~ 화이팅! ~^^ 끝까지 YOUNITE 응원할게~ 수고하셨습니다!",39
YOUNITE,qSLSxZmkDcc,2022-04-20T09:13:26Z,@chacha_jh3982,"Congratulations for your debut, Eunsangie♡♡♡",0
YOUNITE,qSLSxZmkDcc,2022-04-20T09:13:25Z,@椎名天音-v6i,デビューおめでとう🎊すごくかわいいㅠㅠㅠ,1
YOUNITE,qSLSxZmkDcc,2022-04-20T09:13:13Z,@트윙클-y9r,아…진짜 설렌다❤️ 우리 유나이트 대박나자👍,0
YOUNITE,qSLSxZmkDcc,2022-04-20T09:13:12Z,@angelica-pe8sl,CONGRATS ON YOUR DEBUT!! ♡,0
YOUNITE,qSLSxZmkDcc,2022-04-20T09:13:09Z,@tgeeku,OMG I LOVE THIS!! &lt;3,0
YOUNITE,qSLSxZmkDcc,2022-04-20T09:13:07Z,@Jessica0206_,데뷔 축하해 ❤️,0
YOUNITE,qSLSxZmkDcc,2022-04-20T09:12:40Z,@yeongjjuwu7802,데뷔 축하해요~,0
YOUNITE,qSLSxZmkDcc,2022-04-20T09:12:31Z,@BAB1DEOCK,LET’S GO YOUNITE !,0
YOUNITE,qSLSxZmkDcc,2022-04-20T09:12:00Z,@Daon_k0,ฮือออทำไมน่ารักกันจังเลยลูกกกกอ้ยยยยย,1
YOUNITE,qSLSxZmkDcc,2022-04-20T09:11:43Z,@sidousang4598,yayyyyy♡♡♡,0
YOUNITE,qSLSxZmkDcc,2022-04-20T09:11:37Z,@nadyadewi8168,CONGRATULATIONS ON YOUR DEBUT YOUNITE-!!💗,1
YOUNITE,qSLSxZmkDcc,2022-04-20T09:11:36Z,@arva_chu09,Congrats for debut younite,1
YOUNITE,qSLSxZmkDcc,2022-04-20T09:11:30Z,@pakolmh2151,Cute ✌🏻🎉,0
YOUNITE,qSLSxZmkDcc,2022-04-20T09:11:22Z,@하-n2e,짱나이트 데뷔 축하해여🥳🎊🥹🧸,0
YOUNITE,qSLSxZmkDcc,2022-04-20T09:11:11Z,@angelica-pe8sl,I already love this song sm! ♡,0
YOUNITE,qSLSxZmkDcc,2022-04-20T09:11:11Z,@bingseu,Congratulations YOUNITE 💛,5
YOUNITE,qSLSxZmkDcc,2022-04-20T09:10:50Z,@Jin_jju,데뷔곡이 이렇게 좋아도 되?,2
YOUNITE,qSLSxZmkDcc,2022-04-20T09:10:50Z,@จันทิมาชูเพ็ชร,สดใสฟุดๆ งืออ น่ารักกันจังงงงงงง,0
YOUNITE,qSLSxZmkDcc,2022-04-20T09:10:49Z,@springrain_4,CUTENESS OVERLOAD,0
YOUNITE,qSLSxZmkDcc,2022-04-20T09:10:38Z,@snowprince4095,I&#39;m so so so so so so so so so so so so so so so so so so so so so so so so so so so so so so so so so so so so so so happy but I guess you&#39;re the happiest♥️♥️♥️😭😭😭나 정말 사랑해요❤️💜,0
YOUNITE,qSLSxZmkDcc,2022-04-20T09:10:27Z,@ApllyOn59,"U R so cute, m new fan 4 u!! UWU♡",0
YOUNITE,qSLSxZmkDcc,2022-04-20T09:10:21Z,@دانه-ص4ف,"당신은 매우 창의적입니다, 계속하세요, 우리는 당신을 지지합니다, 사우디 아라비아에서 당신의 존경, 행운을 빕니다.",0
YOUNITE,qSLSxZmkDcc,2022-04-20T09:10:18Z,@poutpv,เก่งมาก🤍🦦,0
YOUNITE,qSLSxZmkDcc,2022-04-20T09:10:11Z,@doriane8168,Vraiment adorable 🥰🥰🥰🇨🇵🇨🇵,1
YOUNITE,qSLSxZmkDcc,2022-04-20T09:10:06Z,@kurtbobiles1568,This is my cup of tea🥹🥹y’all don’t even know how hard I’m sobbing rn😭😭😭😭,3
YOUNITE,qSLSxZmkDcc,2022-04-20T09:09:57Z,@angelica-pe8sl,I&#39;m so happy they&#39;re debuting!! t____t,1
YOUNITE,qSLSxZmkDcc,2022-04-20T09:09:50Z,@pearlcloud,I LOVE THE WHOLE ALBUM SO MUCH ALREADY !! 1 OF 9 IS AN AMAZING SONG AND IM SO PROUD OF YOUNITE &lt;3 HAPPY DEBUT BOYS!!!!,7
YOUNITE,qSLSxZmkDcc,2022-04-20T09:09:46Z,@츄츄-z3v,유나이트 대박나자~~~~~!!!!!!,0
YOUNITE,qSLSxZmkDcc,2022-04-20T09:09:45Z,@alexdrmzn,it sounds good! congrats on your debut,0
YOUNITE,qSLSxZmkDcc,2022-04-20T09:09:36Z,@dariisita,"el debut es maravilloso!! felicidades chicos, han hecho un trabajo increíble!! YOUNITE FIGHTING 💗💗",9
YOUNITE,qSLSxZmkDcc,2022-04-20T09:09:19Z,@camihousee,GO eunsang,0
YOUNITE,qSLSxZmkDcc,2022-04-20T09:09:15Z,@히나짱-h8j,너무 귀여워😭😭😭😭♥️♥️♥️♥️,0
YOUNITE,qSLSxZmkDcc,2022-04-20T09:09:13Z,@guiyuanzh,"Fresh &amp; colorful concept, their vocal is amazing. Gives me comforting &amp; relaxing vibes. I love this song",18
YOUNITE,qSLSxZmkDcc,2022-04-20T09:09:12Z,@springrain_4,CONGRATS ON YOUR DEBUT MY BEST BOYS,0
YOUNITE,qSLSxZmkDcc,2022-04-20T09:08:58Z,@4younite,1 of 9 Good song!!,1
YOUNITE,qSLSxZmkDcc,2022-04-20T09:08:57Z,@igyemoyaa,Kyungmun! Congrats on your debut &lt;3,0
YOUNITE,qSLSxZmkDcc,2022-04-20T09:08:55Z,@miho3x,uns dos melhores debut desse ano até agora,14
YOUNITE,qSLSxZmkDcc,2022-04-20T09:08:48Z,@april2a,LOVE IT,0
YOUNITE,qSLSxZmkDcc,2022-04-20T09:08:46Z,@kkimcho3876,love how they sound so soft in my ears even on rap part.. it&#39;s rare to find soft soothing voices from 4th gen grps nowadays. keep it up boys!,70
YOUNITE,qSLSxZmkDcc,2022-04-20T09:08:42Z,@pieceof_kate,this is so cute 🥺💗,0
YOUNITE,qSLSxZmkDcc,2022-04-20T09:08:40Z,@april2a,SO CUTEE,0
YOUNITE,qSLSxZmkDcc,2022-04-20T09:08:39Z,@jae3730,"soo proud of you, eunsang! 💘",0
YOUNITE,qSLSxZmkDcc,2022-04-20T09:08:31Z,@april-zf5qo,i love it so much they are so fresh,0
YOUNITE,qSLSxZmkDcc,2022-04-20T09:08:21Z,@jae3730,"congratulations on your debut, younite! 💝",0
YOUNITE,qSLSxZmkDcc,2022-04-20T09:08:20Z,@irenic5996,CONGRATULATIONS ON YOUR DEBUT YOUNITE,0
YOUNITE,qSLSxZmkDcc,2022-04-20T09:08:17Z,@lunasky7136,CONGRATS YOUNITE!!!! OUR TALENTED BOYS,1
YOUNITE,qSLSxZmkDcc,2022-04-20T09:08:17Z,@erlinanovitasari1588,Eunsang a congratulations for your debut again😍❤️,0
YOUNITE,qSLSxZmkDcc,2022-04-20T09:08:11Z,@anirwy,เพลงน่ารักมากกกก ขอให้มีคนฟังเยอะๆนะคับ😍💖,0
YOUNITE,qSLSxZmkDcc,2022-04-20T09:08:06Z,@deathquinn1,"AYUDA, NO PUEDO. Estoy demasiado feliz por estar en el debut de YOUNITE. Estoy tan orgullosa de cada uno de ellos. La canción esta increíble, me gusto demasiado. No dejare de stremear este temazo, ME GUSTO MUCHOOOO AAAAAAAAAAAAAAAAA. Youniz desde el principio, Youniz hasta el final",1
YOUNITE,qSLSxZmkDcc,2022-04-20T09:07:57Z,@springrain_4,TIMESTAMPS FOR NEW YOUNIZ 0:10 0:44 Eunsang 0:16 2:09 Woono 0:19 Steve 0:27 0:48 Sion 0:35 1:10 Hyunseung 0:54 1:42 2:38 Eunho 1:02 1:15 1:47 Kyungmun 1:17 2:20 DEY 2:11 Hyungseok,888
YOUNITE,qSLSxZmkDcc,2022-04-20T09:07:54Z,@iam364,younite,0
YOUNITE,qSLSxZmkDcc,2022-04-20T09:07:36Z,@KeikoHedwig,CONGRATS GUYS,1
YOUNITE,qSLSxZmkDcc,2022-04-20T09:07:35Z,@리즈-u6n,so cute :D,0
YOUNITE,qSLSxZmkDcc,2022-04-20T09:07:32Z,@undeniablypeachy,Can I pick 9 of 9 :&#39;) I can&#39;t pick one 🤧,0
YOUNITE,qSLSxZmkDcc,2022-04-20T09:07:27Z,@foreverythingilove-wa1127,Congratulations on your debut Younite. The song is a masterpiece and I really love it. Everyone did great and worked hard. Thank you for the beautiful songs,2
YOUNITE,qSLSxZmkDcc,2022-04-20T09:07:22Z,@플래쉬-u9b,은상아 데뷔 축하해❤❤ 다른 멤버들도 드디어 데뷔!! 너무나도 축하해❤,0
YOUNITE,qSLSxZmkDcc,2022-04-20T09:07:20Z,@hamsterhlee,유나이트 데뷔 축하해요🎉🎉,1
YOUNITE,qSLSxZmkDcc,2022-04-20T09:07:10Z,@ananyajin1338,Finally !!! 💗💗💗💗💗💗💗💗💗🤏🏻,0
YOUNITE,qSLSxZmkDcc,2022-04-20T09:07:09Z,@kiannalumen2861,It&#39;s so good!!!😩❤️ AHHHH CONGRATULATIONS ON YOUR DEBUT MY BOYS 🥺,0
YOUNITE,qSLSxZmkDcc,2022-04-20T09:07:08Z,@jacquelinecastro70,Y’ALL ARE SO ADORABLE!! and congratulations on your debut!,1
YOUNITE,qSLSxZmkDcc,2022-04-20T09:06:59Z,@Aliale03,Me encanta los amo ^^,1
YOUNITE,qSLSxZmkDcc,2022-04-20T09:06:56Z,@ปกามาศกั่วพานิช,유나이트 데뷔 축하해용 노래 넘 좋아😭💗💗💗💗💗💗,0
YOUNITE,qSLSxZmkDcc,2022-04-20T09:06:52Z,@tmint_29,YOUNITE!! Congratulations on your debut &gt;33,1
YOUNITE,qSLSxZmkDcc,2022-04-20T09:06:47Z,@hamidatuz,This song is so pretty and easy listening! Congratulations on your debut younite my boys! 🥳,2
YOUNITE,qSLSxZmkDcc,2022-04-20T09:06:46Z,@lintangaudimulyafadhillah3729,Congratulations on youre debut.,0
YOUNITE,qSLSxZmkDcc,2022-04-20T09:06:39Z,@raquissapanandigan6698,Congrats on your debut!!!!,0
YOUNITE,qSLSxZmkDcc,2022-04-20T09:06:39Z,@zryfira12,"Malah disuruh milih 1, jelas pilih semua lah ot9",0
YOUNITE,qSLSxZmkDcc,2022-04-20T09:06:38Z,@GoReThyMs,Congratulations Younite!!,4
YOUNITE,qSLSxZmkDcc,2022-04-20T09:06:37Z,@Lady_guin,💗💗💗,0
YOUNITE,qSLSxZmkDcc,2022-04-20T09:06:36Z,@fiezahsolehah8182,Congratulations on your debut boys ❤,0
YOUNITE,qSLSxZmkDcc,2022-04-20T09:06:30Z,@gyerang22,은상아 데뷔 축하해 그동안 고생많았어💗💗💗,0
YOUNITE,qSLSxZmkDcc,2022-04-20T09:06:26Z,@fahimanibras,YASHH,0
YOUNITE,qSLSxZmkDcc,2022-04-20T09:06:25Z,@Lady_guin,يجننوننننننن,0
YOUNITE,qSLSxZmkDcc,2022-04-20T09:06:24Z,@Foryoufireflies,Lucuuu banget mv nyaa,0
YOUNITE,qSLSxZmkDcc,2022-04-20T09:06:22Z,@itsmutia,CONGRATS ON YOUR DEBUT GUYSSS,0
YOUNITE,qSLSxZmkDcc,2022-04-20T09:06:19Z,@azuradias,Congrats HYUNGSEOK😍😖💕💕,0
YOUNITE,qSLSxZmkDcc,2022-04-20T09:06:19Z,@Lady_guin,احبهم 😭😭😭,0
YOUNITE,qSLSxZmkDcc,2022-04-20T09:06:17Z,@panthaw8417,ချစ်စရာ​လေး​တွေဟယ်,0
YOUNITE,qSLSxZmkDcc,2022-04-20T09:06:15Z,@ann1ly4u,Younite Fighting!!♡♡♡,1
YOUNITE,qSLSxZmkDcc,2022-04-20T09:06:13Z,@istantalents,"A pre-debut youniz right here is so happy, can&#39;t wait to watch u on music shows",0
YOUNITE,qSLSxZmkDcc,2022-04-20T09:06:08Z,@obsessedwitheverything9851,I&#39;m so happy that my precious boys debut,1
YOUNITE,qSLSxZmkDcc,2022-04-20T09:06:04Z,@itsmutia,SO COOOOLLLLL,0
YOUNITE,qSLSxZmkDcc,2022-04-20T09:06:03Z,@dhanyatanaik,Congratulations on your debut!! I love this song it gives fresh summery vibes so beautiful,2
YOUNITE,qSLSxZmkDcc,2022-04-20T09:05:59Z,@jadeuibnida,"CONGRATULATIONS ON YOUR DEBUT BOYS!!! This is it, finally! Let&#39;s all keep this good energy going &lt;3",43
YOUNITE,qSLSxZmkDcc,2022-04-20T09:05:56Z,@Babymonstah_,THANK YOU FOR DEBUT YOUNITE,0
YOUNITE,qSLSxZmkDcc,2022-04-20T09:05:54Z,@itsmutia,AAAAAAAAAAAAAAA,0
YOUNITE,qSLSxZmkDcc,2022-04-20T09:05:53Z,@별이-z4m8u,유나이트 데뷔 축하해,0
YOUNITE,qSLSxZmkDcc,2022-04-20T09:05:52Z,@Lavacakee,And with this we&#39;re starting an amazing journey with YOUNITE &lt;3,0
YOUNITE,qSLSxZmkDcc,2022-04-20T09:05:50Z,@lee_liszen,"Amo el concepto de los chicos enserio les queda tan bien, realmente son muy talentosos y todos muy lindos estoy demasiado orgullosa de haberlos conocido",14
YOUNITE,qSLSxZmkDcc,2022-04-20T09:05:50Z,@shiha278,世界に爽やかな風をふかすスーパー赤ちゃんたち！YOUNITE最高！！,0
YOUNITE,qSLSxZmkDcc,2022-04-20T09:05:46Z,@bunnybunny0607,은상이 너어어ㅓㅓ무 귀엽잖아 ㅜㅡㅠ 데뷔 너무너무 추카해ㅠㅡㅜ,0
YOUNITE,qSLSxZmkDcc,2022-04-20T09:05:45Z,@곰도리-ovo,유나이트 사랑해 !!! 데뷔 축하해 !!,0
YOUNITE,qSLSxZmkDcc,2022-04-20T09:05:45Z,@riaanyoons,LOS AMO,0
YOUNITE,qSLSxZmkDcc,2022-04-20T09:05:43Z,@itsmutia,FINALLY,0
YOUNITE,qSLSxZmkDcc,2022-04-20T09:05:38Z,@younibirth1663,"Congrats Eunho Congrats Steve Congrats Hyunseung Congrats Eunsang Congrats Hyungseok Congrats Woono Congrats Dey Congrats Kyungmun Congrats Sion congratulations on your debut, youniz will always be proud of you all!",1
YOUNITE,qSLSxZmkDcc,2022-04-20T09:05:36Z,@riaanyoons,BASTA K LINDOS,1
YOUNITE,qSLSxZmkDcc,2022-04-20T09:05:36Z,@panthaw8417,​မောင်​လေးတို့​ရေ မမ​ရောက်ပြီ,0
YOUNITE,qSLSxZmkDcc,2022-04-20T09:05:33Z,@kkimcho3876,Congratulations on your debut YOUNITE!!!,1
YOUNITE,qSLSxZmkDcc,2022-04-20T09:05:31Z,@cam6066,i love you,0
YOUNITE,qSLSxZmkDcc,2022-04-20T09:05:31Z,@deathquinn1,THIS IS FIRE,0
YOUNITE,qSLSxZmkDcc,2022-04-20T09:05:30Z,@haniels1363,CONGRATSS ON YOUR DEBUT YOUNITE!!,0
YOUNITE,qSLSxZmkDcc,2022-04-20T09:05:30Z,@nuxia2100,AMO GENTE,0
YOUNITE,qSLSxZmkDcc,2022-04-20T09:05:29Z,@miliinnie,Felicidades en si debut my boys,0
YOUNITE,qSLSxZmkDcc,2022-04-20T09:05:24Z,@gogumies,너무 좋네ㅠㅠ 현승아 데뷔 축하해! 유나이트 데뷔 축하해~,0
YOUNITE,qSLSxZmkDcc,2022-04-20T09:05:23Z,@cam6066,CONGRATS YOUNITE!!!!,1
YOUNITE,qSLSxZmkDcc,2022-04-20T09:05:22Z,@anne-kt7sn,LONG WAIT IS FINALLY OVER! MY BOYS FINALLY DEBUTED. I&#39;M SO PROUD OF THEM😭,39
YOUNITE,qSLSxZmkDcc,2022-04-20T09:05:20Z,@adisrafanda4174,SO PROUD OF YOU&#39;LL ❤️‍🔥❤️‍🔥❤️‍🔥❤️‍🔥,1
YOUNITE,qSLSxZmkDcc,2022-04-20T09:05:12Z,@빵frzz,데뷔 축하해!,0
YOUNITE,qSLSxZmkDcc,2022-04-20T09:05:12Z,@ontiiva,CONGRATULATIONS ON DEBUTING,0
YOUNITE,qSLSxZmkDcc,2022-04-20T09:05:07Z,@irah4124,Sound so good!! Congratulations on debuting Younite!!,2
YOUNITE,qSLSxZmkDcc,2022-04-20T09:05:01Z,@istantalents,Such a great debut song!,0
YOUNITE,qSLSxZmkDcc,2022-04-20T09:05:01Z,@miliinnie,CONGRATULATIONS YOUNITE&lt;3,3
YOUNITE,qSLSxZmkDcc,2022-04-20T09:05:00Z,@jamilycosta8535,Avisa que eles estão chegando com tudooooo!!!!,2
YOUNITE,qSLSxZmkDcc,2022-04-20T09:04:58Z,@adisrafanda4174,CONGRATULATIONS ON YOUR DEBUTTTTTTTTTTTT ❤️‍🔥❤️‍🔥❤️‍🔥❤️‍🔥❤️‍🔥❤️‍🔥❤️‍🔥❤️‍🔥❤️‍🔥❤️‍🔥,0
YOUNITE,qSLSxZmkDcc,2022-04-20T09:04:55Z,@LuluBear57,Congratulations on debuting!!!,0
YOUNITE,qSLSxZmkDcc,2022-04-20T09:04:53Z,@minahdonsan3904,AMOOO,0
YOUNITE,qSLSxZmkDcc,2022-04-20T09:04:50Z,@Katie-hj5kr,so nice 🫶,0
YOUNITE,qSLSxZmkDcc,2022-04-20T09:04:48Z,@Lady_guin,😭😭😭,0
YOUNITE,qSLSxZmkDcc,2022-04-20T09:04:43Z,@ao288,축하해🫶🏻💞,0
YOUNITE,qSLSxZmkDcc,2022-04-20T09:04:42Z,@tthkxv,самые прекрасные !!!!! юнайт файтин 🥳,0
YOUNITE,qSLSxZmkDcc,2022-04-20T09:04:41Z,@Lady_guin,يمااااا,0
YOUNITE,qSLSxZmkDcc,2022-04-20T09:04:40Z,@flavarts3278,The concept is really colourful and refreshing ! They’re all so talented ! Can’t wait to see them on stage ! Congratulations for this beautiful debut,448
YOUNITE,qSLSxZmkDcc,2022-04-20T09:04:39Z,@dumbiehan,신난다 신난다,0
YOUNITE,qSLSxZmkDcc,2022-04-20T09:04:38Z,@sexycutieprodkyu,CONGRATS ON UR DEBUT!,0
YOUNITE,qSLSxZmkDcc,2022-04-20T09:04:37Z,@snowprince4095,Congratulations on your debut from deeeeeeeeeeeep of my heart ❤️❤️❤️❤️데뷔 축하해,3
YOUNITE,qSLSxZmkDcc,2022-04-20T09:04:33Z,@hannahdowgiallo,SO CUTE!! i love it &lt;3,5
YOUNITE,qSLSxZmkDcc,2022-04-20T09:04:33Z,@TheMomometa,so cute OMG iloveit &gt;/////&lt;,1
YOUNITE,qSLSxZmkDcc,2022-04-20T09:04:29Z,@rose_stz2136,1 of 9✨❤️❤️,1
YOUNITE,qSLSxZmkDcc,2022-04-20T09:04:21Z,@valegaturr4,"felicidades por su debut, muy limda canción＼(^o^)",9
YOUNITE,qSLSxZmkDcc,2022-04-20T09:04:20Z,@miliinnie,Todo es tan cuteee,1
YOUNITE,qSLSxZmkDcc,2022-04-20T09:04:20Z,@chelsea1509,MY BABIES YES FINALLY,1
YOUNITE,qSLSxZmkDcc,2022-04-20T09:04:11Z,@ilyounite2583,im so proud of you YOUNITE &lt;3&lt;3,37
YOUNITE,qSLSxZmkDcc,2022-04-20T09:04:00Z,@guiyuanzh,Congratulations for your debut eunsang!! ♡´,398
YOUNITE,qSLSxZmkDcc,2022-04-20T09:03:52Z,@hanamyinn646,อมก เพลงนี้คือแนวจีบสดใส คือน้องน่ารักกันมากๆ;-; ท่อนฮุกคือติดหูมาก เอ็มวีปังให้ความรู้สึกเป็นรักวัยใสวัยรุ่น ใดๆคือ น้อนนนนนน ฮือ น่ารักกันจังเลย🥺💕🤌,37
YOUNITE,qSLSxZmkDcc,2022-04-20T09:03:51Z,@arisx260,🎉🎉🎉🎉🎉🎉,2
YOUNITE,qSLSxZmkDcc,2022-04-20T09:03:44Z,@aliced1041,Eunsang！！！！I love you forever！！！,1
YOUNITE,qSLSxZmkDcc,2022-04-20T09:03:41Z,@Lady_guin,اونهووووو,1
YOUNITE,qSLSxZmkDcc,2022-04-20T09:03:29Z,@tsuuuueeee237,FINALYYYY OMGGG,1
YOUNITE,qSLSxZmkDcc,2022-04-20T09:03:19Z,@Lady_guin,---,0
YOUNITE,qSLSxZmkDcc,2022-04-20T09:03:18Z,@wecry7854,такая милая и уютная (?) песня) очень понравилась,42
YOUNITE,qSLSxZmkDcc,2022-04-20T09:03:11Z,@user-wd1ij3fs6v,❤️🙌🏻🫶🏻🔥💥👍🏻❤️🔥🙌🏻💥🫶🏻,0
YOUNITE,qSLSxZmkDcc,2022-04-20T09:03:11Z,@snowprince4095,"Finally 💜,I was about to die😂❤️",2
YOUNITE,qSLSxZmkDcc,2022-04-20T09:03:10Z,@jihheon,YOUNITE YOU DID WELL CONGRAST FOR YOUR DEBUT! I LOVE YOU ALL,1
YOUNITE,qSLSxZmkDcc,2022-04-20T09:03:07Z,@Urlully,Congratulations on their debut,1
YOUNITE,qSLSxZmkDcc,2022-04-20T09:03:06Z,@azuradias,FIGHTINGGGG😍,1
YOUNITE,qSLSxZmkDcc,2022-04-20T09:03:03Z,@crystalnight8765,wowowowowowow,1
YOUNITE,qSLSxZmkDcc,2022-04-20T09:02:51Z,@larcjustin,Its beautifu keep streaming Youniz let&#39;s reach our 24hours goal of 1M views,1
YOUNITE,qSLSxZmkDcc,2022-04-20T09:02:51Z,@rhodantheৎ,OMG THEY&#39;RE REALLY DEBUTING,11
YOUNITE,qSLSxZmkDcc,2022-04-20T09:02:46Z,@raraihanun,KEREEEEN,2
YOUNITE,qSLSxZmkDcc,2022-04-20T09:02:46Z,@hiruzenarea,happy debutashun YOUNITE ♥️,2
YOUNITE,qSLSxZmkDcc,2022-04-20T09:02:35Z,@rhodantheৎ,I&#39;M A PROUD PREDEBUT STAN YEAAAHHH,67
YOUNITE,qSLSxZmkDcc,2022-04-20T09:02:33Z,@bri13223,LOS RE AMO CHICOS,1
YOUNITE,qSLSxZmkDcc,2022-04-20T09:02:31Z,@amal-c7b,اصحوااا عيالي ترسمواا,1
YOUNITE,qSLSxZmkDcc,2022-04-20T09:02:30Z,@giulianass,PARABÉNS PELO DEBUT MENINOS!!,1
YOUNITE,qSLSxZmkDcc,2022-04-20T09:02:24Z,@rhodantheৎ,FINALLY,1
YOUNITE,qSLSxZmkDcc,2022-04-20T09:02:23Z,@Lady_guin,بموووتتتت,1
YOUNITE,qSLSxZmkDcc,2022-04-20T09:02:20Z,@Bibyble__,congratulations sayang ku 💗,1
YOUNITE,qSLSxZmkDcc,2022-04-20T09:02:17Z,@flowerhao8029,CUTE OVERLOAD.. FINALLY DEBUT 😭😭😭😭😭😭😭💜💙,2
YOUNITE,qSLSxZmkDcc,2022-04-20T09:02:14Z,@sunootaerae,I LOVE IT.. i like Eunsang as the lead vocals... CONGRATS ON DEBUTING YOUNITE...,52
YOUNITE,qSLSxZmkDcc,2022-04-20T09:02:13Z,@ermasabri5762,congrats on your debut younite ~from abnew~,68
YOUNITE,qSLSxZmkDcc,2022-04-20T09:02:13Z,@bri13223,FINALMENTEEEEE😭,1
YOUNITE,qSLSxZmkDcc,2022-04-20T09:02:12Z,@Urlully,💗💗💗,1
YOUNITE,qSLSxZmkDcc,2022-04-20T09:02:11Z,@raquissapanandigan6698,♡♡♡♡♡♡,1
YOUNITE,qSLSxZmkDcc,2022-04-20T09:02:11Z,@only_zc,THIS SONG IS ⭐BOP⭐,1
YOUNITE,qSLSxZmkDcc,2022-04-20T09:02:08Z,@riaanyoons,AAAAA,1
YOUNITE,qSLSxZmkDcc,2022-04-20T09:02:05Z,@현식이-o5p,데뷔 축하해ㅐ❤️‍🔥💙,2
YOUNITE,qSLSxZmkDcc,2022-04-20T09:02:05Z,@Bibyble__,YEAYYYYYYY 🙌🏻,1
YOUNITE,qSLSxZmkDcc,2022-04-20T09:02:04Z,@hiruzenarea,YOUNITE Eunsang YOUNITE EUNHO YOUNITE Steve YOUNITE Hyunseung YOUNITE Hyongsuk YOUNITE Kyungmun YOUNITE Dey YOUNITE Woono YOUNITE Sion YOUNITE ♥️ YOUNIZ,5
YOUNITE,qSLSxZmkDcc,2022-04-20T09:02:04Z,@giulianass,EUNSANG EU TE AMO,2
YOUNITE,qSLSxZmkDcc,2022-04-20T09:01:56Z,@Lady_guin,محلااكمممم,1
YOUNITE,qSLSxZmkDcc,2022-04-20T09:01:48Z,@bri13223,AAAAAAAAAAA,0
YOUNITE,qSLSxZmkDcc,2022-04-20T09:01:46Z,@insanityshimmerheart3875,this is so gooodd,1
YOUNITE,qSLSxZmkDcc,2022-04-20T09:01:45Z,@Yoon-hf3uc,유나이트 데뷔 축하해🌸,497
YOUNITE,qSLSxZmkDcc,2022-04-20T09:01:44Z,@yunwhay,Only 30 seconds in and it&#39;s already a great song,2
YOUNITE,qSLSxZmkDcc,2022-04-20T09:01:43Z,@kittyphom,STAN YOUNITE,1
YOUNITE,qSLSxZmkDcc,2022-04-20T09:01:42Z,@Lady_guin,eunho,1
YOUNITE,qSLSxZmkDcc,2022-04-20T09:01:42Z,@ilhamroni3900,Congratulation for the debut..,1
YOUNITE,qSLSxZmkDcc,2022-04-20T09:01:27Z,@Lady_guin,😭😭😭😭,1
YOUNITE,qSLSxZmkDcc,2022-04-20T09:01:26Z,@lilibeth8983,FINALLY THEY DEBUTED IVE BEEN WAITING SO LONG IM SO PROUD 😭,2
YOUNITE,qSLSxZmkDcc,2022-04-20T09:01:26Z,@cams2810,"i&#39;m proud of you, younite",1
YOUNITE,qSLSxZmkDcc,2022-04-20T09:01:25Z,@Jneverbad,Here since the beginning of their big big success 😝,7
YOUNITE,qSLSxZmkDcc,2022-04-20T09:01:25Z,@Lavacakee,congratulations YOUNITE on your debut,6
YOUNITE,qSLSxZmkDcc,2022-04-20T09:01:20Z,@Liv-qs5cb,I cannot believe it!,1
YOUNITE,qSLSxZmkDcc,2022-04-20T09:01:17Z,@d4_3lle_,FELICIDADES POR SU DEBUT!!! 💞💖,1
YOUNITE,qSLSxZmkDcc,2022-04-20T09:01:10Z,@andmelanie,LET&#39;S GO YOUNITEEE,1
YOUNITE,qSLSxZmkDcc,2022-04-20T09:01:07Z,@lilibeth8983,OH MY GOD IM GNA SCREAM,1
YOUNITE,qSLSxZmkDcc,2022-04-20T09:01:06Z,@joonielee03,유나이트 데뷔 축하해🥳🥳🥳🥳,2
YOUNITE,qSLSxZmkDcc,2022-04-20T09:01:03Z,@Lavacakee,first,1
YOUNITE,qSLSxZmkDcc,2022-04-20T09:00:56Z,@ywmttp,💘💘💘💘,1
YOUNITE,qSLSxZmkDcc,2022-04-20T09:00:55Z,@Eric_ej,Congratulations my boys ✨,1
YOUNITE,qSLSxZmkDcc,2022-04-20T09:00:54Z,@hjhnys,CONGRATS YOUNITE ON YOU GUYS DEBUT ! 🫶🏻,1
YOUNITE,qSLSxZmkDcc,2022-04-20T09:00:51Z,@harigirigirigiri,おめでとう～～～🎊,1
YOUNITE,qSLSxZmkDcc,2022-04-20T09:00:50Z,@najeongmosajimidachaetzuTWICE,YOOHOOOOOOOO,1
YOUNITE,qSLSxZmkDcc,2022-04-20T09:00:48Z,@juskylll,😭😭😭😭😭😭😭😭😭😭🤍🤍🤍🤍🤍🤍🤍🤍🤍🤍🤍🤍🤍🤍🤍🤍,0
YOUNITE,qSLSxZmkDcc,2022-04-20T09:00:45Z,@zeedytiny1372,POR FIN MUN DEBUT,1
YOUNITE,qSLSxZmkDcc,2022-04-20T09:00:42Z,@nasrun_blinkbuddy,Y&#39;all stan Younite for better life &lt;3 they&#39;re so talented and a group that full of visuals,5
YOUNITE,qSLSxZmkDcc,2022-04-20T09:00:42Z,@sharifahnadhirahsofea9636,CONGRATS ON DEBUTING IM SO PROUD OF YOU &lt;3,3
YOUNITE,qSLSxZmkDcc,2022-04-20T09:00:38Z,@snoopyhan94,"from the cool and upbeat &quot;EVERYBODY&quot; to this catchy, colorful and fresh vibes title track &quot;1 of 9&quot;, younite showcasing how they can pull off different concepts effortlessly! from the set, fits, vocals, rap skills, to their stunning visuals and synchronization... everything is a masterpiece. THIS IS SO GOOD!! Congratulations on your debut boys, YOUNITE FIGHTING!!",59
YOUNITE,qSLSxZmkDcc,2022-04-20T09:00:36Z,@jaeminwon.321,💗💗,1
YOUNITE,qSLSxZmkDcc,2022-04-20T09:00:36Z,@xian223,👀💗✨,1
YOUNITE,qSLSxZmkDcc,2022-04-20T09:00:28Z,@corrina_saranie,YOUNITE IS FINALLY DEBUTING!!!,1
YOUNITE,qSLSxZmkDcc,2022-04-20T09:00:25Z,@뽀-m6p,미쳣다 유나이트 데뷔 축하해 ❤️❤️❤️❤️❤️❤️,1
YOUNITE,qSLSxZmkDcc,2022-04-20T09:00:22Z,@ralphbalaga3181,Pers acccckkkk!!,1
YOUNITE,qSLSxZmkDcc,2022-04-20T09:00:17Z,@roy_entertainment_,Daebak,5
